gene_id	gene_name	n_supporting_contexts
Gene::7040	TGFB1	74
Gene::652	BMP4	69
Gene::596	BCL2	60
Gene::6469	SHH	55
Gene::3553	IL1B	51
Gene::26585	GREM1	45
Gene::183	AGT	43
Gene::5311	PKD2	42
Gene::2625	GATA3	41
Gene::7474	WNT5A	40
Gene::2185	PTK2B	39
Gene::355	FAS	39
Gene::6662	SOX9	38
Gene::1739	DLG1	37
Gene::1906	EDN1	37
Gene::2737	GLI3	37
Gene::2621	GAS6	36
Gene::2668	GDNF	36
Gene::3565	IL4	36
Gene::54361	WNT4	36
Gene::3479	IGF1	35
Gene::3569	IL6	35
Gene::358	AQP1	35
Gene::9370	ADIPOQ	35
Gene::6299	SALL1	34
Gene::5155	PDGFB	33
Gene::5310	PKD1	33
Gene::6714	SRC	33
Gene::2247	FGF2	32
Gene::3146	HMGB1	32
Gene::3611	ILK	32
Gene::6347	CCL2	32
Gene::6495	SIX1	32
Gene::2255	FGF10	31
Gene::3280	HES1	31
Gene::207	AKT1	30
Gene::2932	GSK3B	30
Gene::3162	HMOX1	30
Gene::3586	IL10	30
Gene::4851	NOTCH1	30
Gene::581	BAX	30
Gene::7471	WNT1	30
Gene::3965	LGALS9	29
Gene::6352	CCL5	29
Gene::7057	THBS1	29
Gene::972	CD74	29
Gene::177	AGER	28
Gene::572	BAD	28
Gene::5727	PTCH1	28
Gene::7484	WNT9B	28
Gene::2253	FGF8	27
Gene::5159	PDGFRB	27
Gene::6770	STAR	27
Gene::7124	TNF	27
Gene::9241	NOG	27
Gene::3975	LHX1	26
Gene::4088	SMAD3	26
Gene::4089	SMAD4	26
Gene::5228	PGF	26
Gene::5371	PML	26
Gene::5468	PPARG	26
Gene::6422	SFRP1	26
Gene::3911	LAMA5	25
Gene::4067	LYN	25
Gene::10891	PPARGC1A	24
Gene::2246	FGF1	24
Gene::23411	SIRT1	24
Gene::4763	NF1	24
Gene::5979	RET	24
Gene::650	BMP2	24
Gene::6622	SNCA	24
Gene::79633	FAT4	24
Gene::130497	OSR1	23
Gene::2138	EYA1	23
Gene::2297	FOXD1	23
Gene::3383	ICAM1	23
Gene::3952	LEP	23
Gene::4193	MDM2	23
Gene::56998	CTNNBIP1	23
Gene::6375	XCL1	23
Gene::6608	SMO	23
Gene::7475	WNT6	23
Gene::2302	FOXJ1	22
Gene::2335	FN1	22
Gene::239	ALOX12	22
Gene::30812	SOX8	22
Gene::5074	PAWR	22
Gene::5087	PBX1	22
Gene::578	BAK1	22
Gene::6363	CCL19	22
Gene::170690	ADAMTS16	21
Gene::3077	HFE	21
Gene::3207	HOXA11	21
Gene::3237	HOXD11	21
Gene::3673	ITGA2	21
Gene::3717	JAK2	21
Gene::4208	MEF2C	21
Gene::472	ATM	21
Gene::6722	SRF	21
Gene::6868	ADAM17	21
Gene::6943	TCF21	21
Gene::7099	TLR4	21
Gene::7481	WNT11	21
Gene::8642	DCHS1	21
Gene::8772	FADD	21
Gene::1051	CEBPB	20
Gene::1277	COL1A1	20
Gene::25	ABL1	20
Gene::255743	NPNT	20
Gene::388585	HES5	20
Gene::4070	TACSTD2	20
Gene::5623	PSPN	20
Gene::64412	GZF1	20
Gene::100	ADA	19
Gene::199	AIF1	19
Gene::2056	EPO	19
Gene::2260	FGFR1	19
Gene::2263	FGFR2	19
Gene::2303	FOXC2	19
Gene::2934	GSN	19
Gene::3123	HLA-DRB1	19
Gene::3127	HLA-DRB5	19
Gene::342184	FMN1	19
Gene::4504	MT3	19
Gene::4838	NODAL	19
Gene::50943	FOXP3	19
Gene::5777	PTPN6	19
Gene::5914	RARA	19
Gene::6366	CCL21	19
Gene::6647	SOD1	19
Gene::6659	SOX4	19
Gene::6777	STAT5B	19
Gene::6850	SYK	19
Gene::7048	TGFBR2	19
Gene::7424	VEGFC	19
Gene::7494	XBP1	19
Gene::841	CASP8	19
Gene::8644	AKR1C3	19
Gene::9353	SLIT2	19
Gene::186	AGTR2	18
Gene::2876	GPX1	18
Gene::28984	RGCC	18
Gene::3172	HNF4A	18
Gene::3458	IFNG	18
Gene::3549	IHH	18
Gene::383	ARG1	18
Gene::5578	PRKCA	18
Gene::5879	RAC1	18
Gene::6376	CX3CL1	18
Gene::7010	TEK	18
Gene::8379	MAD1L1	18
Gene::8740	TNFSF14	18
Gene::8877	SPHK1	18
Gene::9451	EIF2AK3	18
Gene::10859	LILRB1	17
Gene::114548	NLRP3	17
Gene::153090	DAB2IP	17
Gene::29108	PYCARD	17
Gene::3592	IL12A	17
Gene::3651	PDX1	17
Gene::4824	NKX3-1	17
Gene::5054	SERPINE1	17
Gene::5321	PLA2G4A	17
Gene::5366	PMAIP1	17
Gene::5469	MED1	17
Gene::55083	KIF26B	17
Gene::80149	ZC3H12A	17
Gene::8626	TP63	17
Gene::8829	NRP1	17
Gene::9037	SEMA5A	17
Gene::10395	DLC1	16
Gene::10411	RAPGEF3	16
Gene::10488	CREB3	16
Gene::11315	PARK7	16
Gene::1545	CYP1B1	16
Gene::2152	F3	16
Gene::25865	PRKD2	16
Gene::2852	GPER1	16
Gene::3082	HGF	16
Gene::3593	IL12B	16
Gene::3718	JAK3	16
Gene::51561	IL23A	16
Gene::5347	PLK1	16
Gene::5580	PRKCD	16
Gene::5587	PRKD1	16
Gene::5598	MAPK7	16
Gene::5716	PSMD10	16
Gene::5740	PTGIS	16
Gene::5906	RAP1A	16
Gene::64127	NOD2	16
Gene::6546	SLC8A1	16
Gene::6693	SPN	16
Gene::708	C1QBP	16
Gene::7161	TP73	16
Gene::8754	ADAM9	16
Gene::8915	BCL10	16
Gene::89780	WNT3A	16
Gene::8995	TNFSF18	16
Gene::9093	DNAJA3	16
Gene::10016	PDCD6	15
Gene::1017	CDK2	15
Gene::10399	GNB2L1	15
Gene::154	ADRB2	15
Gene::1843	DUSP1	15
Gene::1909	EDNRA	15
Gene::22933	SIRT2	15
Gene::3145	HMBS	15
Gene::3976	LIF	15
Gene::4179	CD46	15
Gene::4221	MEN1	15
Gene::51176	LEF1	15
Gene::5467	PPARD	15
Gene::5588	PRKCQ	15
Gene::5621	PRNP	15
Gene::5764	PTN	15
Gene::6678	SPARC	15
Gene::6772	STAT1	15
Gene::6781	STC1	15
Gene::7054	TH	15
Gene::7098	TLR3	15
Gene::7186	TRAF2	15
Gene::728	C5AR1	15
Gene::7292	TNFSF4	15
Gene::80310	PDGFD	15
Gene::8321	FZD1	15
Gene::898	CCNE1	15
Gene::100133941	CD24	14
Gene::10266	RAMP2	14
Gene::11065	UBE2C	14
Gene::11146	GLMN	14
Gene::112399	EGLN3	14
Gene::1285	COL4A3	14
Gene::1378	CR1	14
Gene::1385	CREB1	14
Gene::1432	MAPK14	14
Gene::153572	IRX2	14
Gene::1604	CD55	14
Gene::1812	DRD1	14
Gene::1813	DRD2	14
Gene::2353	FOS	14
Gene::23645	PPP1R15A	14
Gene::246	ALOX15	14
Gene::2822	GPLD1	14
Gene::2902	GRIN1	14
Gene::29904	EEF2K	14
Gene::3071	NCKAP1L	14
Gene::3398	ID2	14
Gene::3579	CXCR2	14
Gene::3643	INSR	14
Gene::3688	ITGB1	14
Gene::3932	LCK	14
Gene::3958	LGALS3	14
Gene::4436	MSH2	14
Gene::445	ASS1	14
Gene::4830	NME1	14
Gene::4856	NOV	14
Gene::5027	P2RX7	14
Gene::5313	PKLR	14
Gene::55366	LGR4	14
Gene::5562	PRKAA1	14
Gene::6348	CCL3	14
Gene::65018	PINK1	14
Gene::7128	TNFAIP3	14
Gene::7321	UBE2D1	14
Gene::7412	VCAM1	14
Gene::7421	VDR	14
Gene::7477	WNT7B	14
Gene::79191	IRX3	14
Gene::79192	IRX1	14
Gene::79977	GRHL2	14
Gene::811	CALR	14
Gene::8529	CYP4F2	14
Gene::8764	TNFRSF14	14
Gene::8837	CFLAR	14
Gene::101	ADAM8	13
Gene::10519	CIB1	13
Gene::1215	CMA1	13
Gene::1236	CCR7	13
Gene::1535	CYBA	13
Gene::2149	F2R	13
Gene::2207	FCER1G	13
Gene::2678	GGT1	13
Gene::2697	GJA1	13
Gene::27113	BBC3	13
Gene::3158	HMGCS2	13
Gene::340152	ZC3H12D	13
Gene::3576	CXCL8	13
Gene::3620	IDO1	13
Gene::3929	LBP	13
Gene::3981	LIG4	13
Gene::4282	MIF	13
Gene::4323	MMP14	13
Gene::51684	SUFU	13
Gene::5170	PDPK1	13
Gene::5734	PTGER4	13
Gene::602	BCL3	13
Gene::604	BCL6	13
Gene::6198	RPS6KB1	13
Gene::6256	RXRA	13
Gene::6279	S100A8	13
Gene::6382	SDC1	13
Gene::6441	SFTPD	13
Gene::654	BMP6	13
Gene::6591	SNAI2	13
Gene::6717	SRI	13
Gene::6776	STAT5A	13
Gene::706	TSPO	13
Gene::7189	TRAF6	13
Gene::722	C4BPA	13
Gene::725	C4BPB	13
Gene::7291	TWIST1	13
Gene::7356	SCGB1A1	13
Gene::7498	XDH	13
Gene::7784	ZP3	13
Gene::790	CAD	13
Gene::80762	NDFIP1	13
Gene::8737	RIPK1	13
Gene::10018	BCL2L11	12
Gene::102	ADAM10	12
Gene::1020	CDK5	12
Gene::10563	CXCL13	12
Gene::10736	SIX2	12
Gene::1191	CLU	12
Gene::148022	TICAM1	12
Gene::1490	CTGF	12
Gene::1493	CTLA4	12
Gene::151888	BTLA	12
Gene::1544	CYP1A2	12
Gene::1636	ACE	12
Gene::1894	ECT2	12
Gene::1907	EDN2	12
Gene::1908	EDN3	12
Gene::1956	EGFR	12
Gene::1991	ELANE	12
Gene::2021	ENDOG	12
Gene::2039	DMTN	12
Gene::23075	SWAP70	12
Gene::2534	FYN	12
Gene::26191	PTPN22	12
Gene::2658	GDF2	12
Gene::2692	GHRHR	12
Gene::28514	DLL1	12
Gene::3064	HTT	12
Gene::3190	HNRNPK	12
Gene::3456	IFNB1	12
Gene::348	APOE	12
Gene::356	FASLG	12
Gene::3570	IL6R	12
Gene::3600	IL15	12
Gene::3659	IRF1	12
Gene::374	AREG	12
Gene::468	ATF4	12
Gene::4842	NOS1	12
Gene::4915	NTRK2	12
Gene::51065	RPS27L	12
Gene::51157	ZNF580	12
Gene::51564	HDAC7	12
Gene::5179	PENK	12
Gene::5295	PIK3R1	12
Gene::5328	PLAU	12
Gene::54658	UGT1A1	12
Gene::54806	AHI1	12
Gene::55061	SUSD4	12
Gene::5573	PRKAR1A	12
Gene::5601	MAPK9	12
Gene::57103	TIGAR	12
Gene::5724	PTAFR	12
Gene::5925	RB1	12
Gene::5972	REN	12
Gene::664	BNIP3	12
Gene::6657	SOX2	12
Gene::672	BRCA1	12
Gene::7013	TERF1	12
Gene::7042	TGFB2	12
Gene::717	C2	12
Gene::721	C4B	12
Gene::729	C6	12
Gene::7349	UCN	12
Gene::7423	VEGFB	12
Gene::80380	PDCD1LG2	12
Gene::9647	PPM1F	12
Gene::998	CDC42	12
Gene::10288	LILRB2	11
Gene::10312	TCIRG1	11
Gene::1032	CDKN2D	11
Gene::10413	YAP1	11
Gene::10459	MAD2L2	11
Gene::1050	CEBPA	11
Gene::11326	VSIG4	11
Gene::1373	CPS1	11
Gene::1387	CREBBP	11
Gene::1435	CSF1	11
Gene::149041	RC3H1	11
Gene::1654	DDX3X	11
Gene::1789	DNMT3B	11
Gene::196	AHR	11
Gene::2067	ERCC1	11
Gene::2099	ESR1	11
Gene::2261	FGFR3	11
Gene::2354	FOSB	11
Gene::23545	ATP6V0A2	11
Gene::25937	WWTR1	11
Gene::2626	GATA4	11
Gene::27	ABL2	11
Gene::2796	GNRH1	11
Gene::3087	HHEX	11
Gene::339390	CLEC4G	11
Gene::3670	ISL1	11
Gene::3939	LDHA	11
Gene::3990	LIPC	11
Gene::4056	LTC4S	11
Gene::4314	MMP3	11
Gene::4318	MMP9	11
Gene::4690	NCK1	11
Gene::4891	SLC11A2	11
Gene::4908	NTF3	11
Gene::4916	NTRK3	11
Gene::50507	NOX4	11
Gene::51715	RAB23	11
Gene::5176	SERPINF1	11
Gene::5315	PKM	11
Gene::5319	PLA2G1B	11
Gene::535	ATP6V0A1	11
Gene::53833	IL20RB	11
Gene::55081	IFT57	11
Gene::5629	PROX1	11
Gene::58484	NLRC4	11
Gene::6233	RPS27A	11
Gene::6280	S100A9	11
Gene::6548	SLC9A1	11
Gene::659	BMPR2	11
Gene::6664	SOX11	11
Gene::6869	TACR1	11
Gene::6934	TCF7L2	11
Gene::7021	TFAP2B	11
Gene::7023	TFAP4	11
Gene::7067	THRA	11
Gene::7175	TPR	11
Gene::720	C4A	11
Gene::7298	TYMS	11
Gene::731	C8A	11
Gene::7311	UBA52	11
Gene::7314	UBB	11
Gene::7316	UBC	11
Gene::732	C8B	11
Gene::733	C8G	11
Gene::735	C9	11
Gene::7480	WNT10B	11
Gene::780	DDR1	11
Gene::8013	NR4A3	11
Gene::8452	CUL3	11
Gene::8795	TNFRSF10B	11
Gene::8797	TNFRSF10A	11
Gene::9021	SOCS3	11
Gene::93649	MYOCD	11
Gene::940	CD28	11
Gene::10252	SPRY1	10
Gene::10409	BASP1	10
Gene::10653	SPINT2	10
Gene::1072	CFL1	10
Gene::11151	CORO1A	10
Gene::114609	TIRAP	10
Gene::1235	CCR6	10
Gene::1361	CPB2	10
Gene::15	AANAT	10
Gene::1571	CYP2E1	10
Gene::1586	CYP17A1	10
Gene::1902	LPAR1	10
Gene::1950	EGF	10
Gene::2028	ENPEP	10
Gene::2030	SLC29A1	10
Gene::2146	EZH2	10
Gene::2155	F7	10
Gene::219736	STOX1	10
Gene::2281	FKBP1B	10
Gene::2308	FOXO1	10
Gene::23240	KIAA0922	10
Gene::23643	LY96	10
Gene::25793	FBXO7	10
Gene::26249	KLHL3	10
Gene::26279	PLA2G2D	10
Gene::26355	FAM162A	10
Gene::27306	HPGDS	10
Gene::2833	CXCR3	10
Gene::2885	GRB2	10
Gene::3066	HDAC2	10
Gene::3135	HLA-G	10
Gene::3371	TNC	10
Gene::3552	IL1A	10
Gene::3559	IL2RA	10
Gene::3598	IL13RA2	10
Gene::3606	IL18	10
Gene::3767	KCNJ11	10
Gene::387	RHOA	10
Gene::405	ARNT	10
Gene::408	ARRB1	10
Gene::4092	SMAD7	10
Gene::4153	MBL2	10
Gene::429	ASCL1	10
Gene::441478	NRARP	10
Gene::4795	NFKBIL1	10
Gene::4846	NOS3	10
Gene::4922	NTS	10
Gene::5023	P2RX1	10
Gene::5045	FURIN	10
Gene::51378	ANGPT4	10
Gene::5138	PDE2A	10
Gene::51499	TRIAP1	10
Gene::5196	PF4	10
Gene::5530	PPP3CA	10
Gene::558	AXL	10
Gene::5591	PRKDC	10
Gene::567	B2M	10
Gene::57216	VANGL2	10
Gene::57678	GPAM	10
Gene::5880	RAC2	10
Gene::59272	ACE2	10
Gene::6095	RORA	10
Gene::6354	CCL7	10
Gene::6373	CXCL11	10
Gene::6385	SDC4	10
Gene::65266	WNK4	10
Gene::6531	SLC6A3	10
Gene::6547	SLC8A3	10
Gene::666	BOK	10
Gene::6715	SRD5A1	10
Gene::6789	STK4	10
Gene::710	SERPING1	10
Gene::7351	UCP2	10
Gene::79791	FBXO31	10
Gene::80381	CD276	10
Gene::8165	AKAP1	10
Gene::834	CASP1	10
Gene::8473	OGT	10
Gene::8678	BECN1	10
Gene::8717	TRADD	10
Gene::10017	BCL2L10	9
Gene::100423062	IGLL5	9
Gene::100528032	KLRC4-KLRK1	9
Gene::10385	BTN2A2	9
Gene::11035	RIPK3	9
Gene::11124	FAF1	9
Gene::11142	PKIG	9
Gene::1230	CCR1	9
Gene::1263	PLK3	9
Gene::130399	ACVR1C	9
Gene::1392	CRH	9
Gene::1440	CSF3	9
Gene::1457	CSNK2A1	9
Gene::1515	CTSV	9
Gene::154796	AMOT	9
Gene::158	ADSL	9
Gene::1581	CYP7A1	9
Gene::1594	CYP27B1	9
Gene::1611	DAP	9
Gene::1649	DDIT3	9
Gene::1786	DNMT1	9
Gene::1788	DNMT3A	9
Gene::196527	ANO6	9
Gene::2013	EMP2	9
Gene::2022	ENG	9
Gene::2053	EPHX2	9
Gene::208	AKT2	9
Gene::2100	ESR2	9
Gene::2150	F2RL1	9
Gene::218	ALDH3A1	9
Gene::2243	FGA	9
Gene::2252	FGF7	9
Gene::22914	KLRK1	9
Gene::2322	FLT3	9
Gene::2348	FOLR1	9
Gene::25932	CLIC4	9
Gene::25942	SIN3A	9
Gene::27035	NOX1	9
Gene::27242	TNFRSF21	9
Gene::29882	ANAPC2	9
Gene::31	ACACA	9
Gene::3119	HLA-DQB1	9
Gene::3142	HLX	9
Gene::3251	HPRT1	9
Gene::329	BIRC2	9
Gene::336	APOA2	9
Gene::340485	ACER2	9
Gene::345	APOC3	9
Gene::353376	TICAM2	9
Gene::3543	IGLL1	9
Gene::3615	IMPDH2	9
Gene::3635	INPP5D	9
Gene::38	ACAT1	9
Gene::4041	LRP5	9
Gene::4085	MAD2L1	9
Gene::4087	SMAD2	9
Gene::4129	MAOB	9
Gene::4188	MDFI	9
Gene::4258	MGST2	9
Gene::4327	MMP19	9
Gene::4683	NBN	9
Gene::471	ATIC	9
Gene::4775	NFATC3	9
Gene::4776	NFATC4	9
Gene::4792	NFKBIA	9
Gene::4793	NFKBIB	9
Gene::4855	NOTCH4	9
Gene::490	ATP2B1	9
Gene::506	ATP5B	9
Gene::5071	PARK2	9
Gene::51529	ANAPC11	9
Gene::5154	PDGFA	9
Gene::5156	PDGFRA	9
Gene::51763	INPP5K	9
Gene::5292	PIM1	9
Gene::5335	PLCG1	9
Gene::538	ATP7A	9
Gene::54413	NLGN3	9
Gene::54583	EGLN1	9
Gene::5473	PPBP	9
Gene::5569	PKIA	9
Gene::5581	PRKCE	9
Gene::5631	PRPS1	9
Gene::57162	PELI1	9
Gene::5747	PTK2	9
Gene::5800	PTPRO	9
Gene::598	BCL2L1	9
Gene::6091	ROBO1	9
Gene::6263	RYR3	9
Gene::632	BGLAP	9
Gene::6356	CCL11	9
Gene::641	BLM	9
Gene::64844	MARCH7	9
Gene::65010	SLC26A6	9
Gene::6569	SLC34A1	9
Gene::65985	AACS	9
Gene::6663	SOX10	9
Gene::6794	STK11	9
Gene::6916	TBXAS1	9
Gene::6997	TDGF1	9
Gene::7200	TRH	9
Gene::7220	TRPC1	9
Gene::728441	GGT2	9
Gene::7408	VASP	9
Gene::79679	VTCN1	9
Gene::801	CALM1	9
Gene::805	CALM2	9
Gene::808	CALM3	9
Gene::817	CAMK2D	9
Gene::83737	ITCH	9
Gene::8654	PDE5A	9
Gene::8767	RIPK2	9
Gene::88	ACTN2	9
Gene::885	CCK	9
Gene::8996	NOL3	9
Gene::90226	UCN2	9
Gene::9104	RGN	9
Gene::916	CD3E	9
Gene::94	ACVRL1	9
Gene::9655	SOCS5	9
Gene::9788	MTSS1	9
Gene::9994	CASP8AP2	9
Gene::10105	PPIF	8
Gene::10197	PSME3	8
Gene::10213	PSMD14	8
Gene::10370	CITED2	8
Gene::10392	NOD1	8
Gene::10393	ANAPC10	8
Gene::10460	TACC3	8
Gene::1063	CENPF	8
Gene::10747	MASP2	8
Gene::10861	SLC26A1	8
Gene::11331	PHB2	8
Gene::11332	ACOT7	8
Gene::113612	CYP2U1	8
Gene::119504	ANAPC16	8
Gene::122622	ADSSL1	8
Gene::126259	TMIGD2	8
Gene::1307	COL16A1	8
Gene::1308	COL17A1	8
Gene::131	ADH7	8
Gene::1312	COMT	8
Gene::1380	CR2	8
Gene::144455	E2F7	8
Gene::1511	CTSG	8
Gene::1514	CTSL	8
Gene::1548	CYP2A6	8
Gene::1553	CYP2A13	8
Gene::1555	CYP2B6	8
Gene::1557	CYP2C19	8
Gene::1558	CYP2C8	8
Gene::1559	CYP2C9	8
Gene::1562	CYP2C18	8
Gene::1565	CYP2D6	8
Gene::1572	CYP2F1	8
Gene::1585	CYP11B2	8
Gene::1588	CYP19A1	8
Gene::159	ADSS	8
Gene::165918	RNF168	8
Gene::1728	NQO1	8
Gene::182	JAG1	8
Gene::1836	SLC26A2	8
Gene::1840	DTX1	8
Gene::1869	E2F1	8
Gene::191	AHCY	8
Gene::2033	EP300	8
Gene::204	AK2	8
Gene::2066	ERBB4	8
Gene::2069	EREG	8
Gene::2113	ETS1	8
Gene::22871	NLGN1	8
Gene::2296	FOXC1	8
Gene::2324	FLT4	8
Gene::23409	SIRT4	8
Gene::23787	MTCH1	8
Gene::246184	CDC26	8
Gene::25906	ANAPC15	8
Gene::26228	STAP1	8
Gene::2624	GATA2	8
Gene::2627	GATA6	8
Gene::2687	GGT5	8
Gene::27018	NGFRAP1	8
Gene::27086	FOXP1	8
Gene::27185	DISC1	8
Gene::2729	GCLC	8
Gene::2730	GCLM	8
Gene::283	ANG	8
Gene::28952	CCDC22	8
Gene::2919	CXCL1	8
Gene::2920	CXCL2	8
Gene::2921	CXCL3	8
Gene::2946	GSTM2	8
Gene::29843	SENP1	8
Gene::29945	ANAPC4	8
Gene::3084	NRG1	8
Gene::3092	HIP1	8
Gene::3209	HOXA13	8
Gene::328	APEX1	8
Gene::3309	HSPA5	8
Gene::3428	IFI16	8
Gene::3485	IGFBP2	8
Gene::351	APP	8
Gene::3516	RBPJ	8
Gene::3741	KCNA5	8
Gene::374403	TBC1D10C	8
Gene::3818	KLKB1	8
Gene::388	RHOB	8
Gene::3913	LAMB2	8
Gene::4048	LTA4H	8
Gene::4204	MECP2	8
Gene::4313	MMP2	8
Gene::4522	MTHFD1	8
Gene::4548	MTR	8
Gene::4582	MUC1	8
Gene::4601	MXI1	8
Gene::4654	MYOD1	8
Gene::4734	NEDD4	8
Gene::477	ATP1A2	8
Gene::4780	NFE2L2	8
Gene::4794	NFKBIE	8
Gene::4796	TONSL	8
Gene::4825	NKX6-1	8
Gene::498	ATP5A1	8
Gene::5009	OTC	8
Gene::5020	OXT	8
Gene::5063	PAK3	8
Gene::5066	PAM	8
Gene::51279	C1RL	8
Gene::5134	PDCD2	8
Gene::51422	PRKAG2	8
Gene::51433	ANAPC5	8
Gene::51434	ANAPC7	8
Gene::5144	PDE4D	8
Gene::516	ATP5G1	8
Gene::517	ATP5G2	8
Gene::5197	PF4V1	8
Gene::5322	PLA2G5	8
Gene::54205	CYCS	8
Gene::54903	MKS1	8
Gene::5494	PPM1A	8
Gene::551	AVP	8
Gene::5532	PPP3CB	8
Gene::55364	IMPACT	8
Gene::55829	VIMP	8
Gene::5599	MAPK8	8
Gene::56155	TEX14	8
Gene::566	AZU1	8
Gene::56616	DIABLO	8
Gene::5663	PSEN1	8
Gene::56940	DUSP22	8
Gene::5698	PSMB9	8
Gene::56984	PSMG2	8
Gene::5700	PSMC1	8
Gene::5701	PSMC2	8
Gene::5702	PSMC3	8
Gene::5704	PSMC4	8
Gene::5705	PSMC5	8
Gene::5706	PSMC6	8
Gene::5730	PTGDS	8
Gene::5733	PTGER3	8
Gene::5771	PTPN2	8
Gene::5781	PTPN11	8
Gene::5788	PTPRC	8
Gene::5798	PTPRN	8
Gene::5829	PXN	8
Gene::585	BBS4	8
Gene::6278	S100A7	8
Gene::6285	S100B	8
Gene::6372	CXCL6	8
Gene::6464	SHC1	8
Gene::6470	SHMT1	8
Gene::6556	SLC11A1	8
Gene::6571	SLC18A2	8
Gene::6692	SPINT1	8
Gene::6720	SREBF1	8
Gene::6768	ST14	8
Gene::6900	CNTN2	8
Gene::699	BUB1	8
Gene::7020	TFAP2A	8
Gene::7026	NR2F2	8
Gene::7036	TFR2	8
Gene::7060	THBS4	8
Gene::7070	THY1	8
Gene::7083	TK1	8
Gene::715	C1R	8
Gene::716	C1S	8
Gene::7205	TRIP6	8
Gene::7272	TTK	8
Gene::7295	TXN	8
Gene::7299	TYR	8
Gene::7324	UBE2E1	8
Gene::7415	VCP	8
Gene::7535	ZAP70	8
Gene::7756	ZNF207	8
Gene::7855	FZD5	8
Gene::7857	SCG2	8
Gene::7976	FZD3	8
Gene::8202	NCOA3	8
Gene::8440	NCK2	8
Gene::84678	KDM2B	8
Gene::84861	KLHL22	8
Gene::85007	PHYKPL	8
Gene::859	CAV3	8
Gene::8660	IRS2	8
Gene::8697	CDC23	8
Gene::8751	ADAM15	8
Gene::8854	ALDH1A2	8
Gene::8881	CDC16	8
Gene::90070	LACRT	8
Gene::9183	ZW10	8
Gene::9184	BUB3	8
Gene::9231	DLG5	8
Gene::9244	CRLF1	8
Gene::9261	MAPKAPK2	8
Gene::9270	ITGB1BP1	8
Gene::9314	KLF4	8
Gene::941	CD80	8
Gene::9463	PICK1	8
Gene::9472	AKAP6	8
Gene::9516	LITAF	8
Gene::9585	KIF20B	8
Gene::96459	FNIP1	8
Gene::9863	MAGI2	8
Gene::990	CDC6	8
Gene::9908	G3BP2	8
Gene::10159	ATP6AP2	7
Gene::10220	GDF11	7
Gene::10525	HYOU1	7
Gene::10533	ATG7	7
Gene::10541	ANP32B	7
Gene::10606	PAICS	7
Gene::10631	POSTN	7
Gene::107	ADCY1	7
Gene::11200	CHEK2	7
Gene::112398	EGLN2	7
Gene::114899	C1QTNF3	7
Gene::1240	CMKLR1	7
Gene::125111	GJD3	7
Gene::127	ADH4	7
Gene::1280	COL2A1	7
Gene::1281	COL3A1	7
Gene::1291	COL6A1	7
Gene::1305	COL13A1	7
Gene::1459	CSNK2A2	7
Gene::152138	PYDC2	7
Gene::1584	CYP11B1	7
Gene::1605	DAG1	7
Gene::1785	DNM2	7
Gene::1845	DUSP3	7
Gene::1965	EIF2S1	7
Gene::2010	EMD	7
Gene::204851	HIPK1	7
Gene::205	AK4	7
Gene::2166	FAAH	7
Gene::2168	FABP1	7
Gene::2180	ACSL1	7
Gene::2205	FCER1A	7
Gene::22861	NLRP1	7
Gene::22949	PTGR1	7
Gene::22976	PAXIP1	7
Gene::23291	FBXW11	7
Gene::23396	PIP5K1C	7
Gene::23604	DAPK2	7
Gene::23786	BCL2L13	7
Gene::2395	FXN	7
Gene::247	ALOX15B	7
Gene::253260	RICTOR	7
Gene::25828	TXN2	7
Gene::26	AOC1	7
Gene::2618	GART	7
Gene::270	AMPD1	7
Gene::27063	ANKRD1	7
Gene::27085	MTBP	7
Gene::271	AMPD2	7
Gene::272	AMPD3	7
Gene::27342	RABGEF1	7
Gene::2752	GLUL	7
Gene::282618	IFNL1	7
Gene::28996	HIPK2	7
Gene::2931	GSK3A	7
Gene::2956	MSH6	7
Gene::3059	HCLS1	7
Gene::3108	HLA-DMA	7
Gene::3133	HLA-E	7
Gene::3156	HMGCR	7
Gene::3169	FOXA1	7
Gene::3184	HNRNPD	7
Gene::33	ACADL	7
Gene::3326	HSP90AB1	7
Gene::3336	HSPE1	7
Gene::335	APOA1	7
Gene::3373	HYAL1	7
Gene::3397	ID1	7
Gene::3429	IFI27	7
Gene::347734	SLC35B2	7
Gene::35	ACADS	7
Gene::3572	IL6ST	7
Gene::3614	IMPDH1	7
Gene::3654	IRAK1	7
Gene::3690	ITGB3	7
Gene::3728	JUP	7
Gene::3753	KCNE1	7
Gene::3934	LCN2	7
Gene::3956	LGALS1	7
Gene::4072	EPCAM	7
Gene::4217	MAP3K5	7
Gene::4312	MMP1	7
Gene::4316	MMP7	7
Gene::4324	MMP15	7
Gene::4488	MSX2	7
Gene::4552	MTRR	7
Gene::4656	MYOG	7
Gene::4747	NEFL	7
Gene::4860	PNP	7
Gene::4878	NPPA	7
Gene::4881	NPR1	7
Gene::4976	OPA1	7
Gene::5062	PAK2	7
Gene::50640	PNPLA8	7
Gene::51000	SLC35B3	7
Gene::51339	DACT1	7
Gene::5165	PDK3	7
Gene::51804	SIX4	7
Gene::5198	PFAS	7
Gene::5207	PFKFB1	7
Gene::5216	PFN1	7
Gene::54	ACP5	7
Gene::5428	POLG	7
Gene::5495	PPM1B	7
Gene::55031	USP47	7
Gene::552	AVPR1A	7
Gene::55662	HIF1AN	7
Gene::55902	ACSS2	7
Gene::5634	PRPS2	7
Gene::5649	RELN	7
Gene::5653	KLK6	7
Gene::5657	PRTN3	7
Gene::5720	PSME1	7
Gene::5721	PSME2	7
Gene::57502	NLGN4X	7
Gene::5796	PTPRK	7
Gene::5803	PTPRZ1	7
Gene::58495	OVOL2	7
Gene::59067	IL21	7
Gene::5962	RDX	7
Gene::5978	REST	7
Gene::6092	ROBO2	7
Gene::613	BCR	7
Gene::6188	RPS3	7
Gene::6196	RPS6KA2	7
Gene::6369	CCL24	7
Gene::6370	CCL25	7
Gene::64065	PERP	7
Gene::64081	PBLD	7
Gene::6497	SKI	7
Gene::6754	SSTR4	7
Gene::6774	STAT3	7
Gene::682	BSG	7
Gene::7015	TERT	7
Gene::7018	TF	7
Gene::7046	TGFBR1	7
Gene::7080	NKX2-1	7
Gene::7097	TLR2	7
Gene::7101	NR2E1	7
Gene::7132	TNFRSF1A	7
Gene::7225	TRPC6	7
Gene::7389	UROD	7
Gene::7436	VLDLR	7
Gene::7476	WNT7A	7
Gene::7525	YES1	7
Gene::79594	MUL1	7
Gene::79625	NDNF	7
Gene::80139	ZNF703	7
Gene::80279	CDK5RAP3	7
Gene::80781	COL18A1	7
Gene::840	CASP7	7
Gene::8445	DYRK2	7
Gene::84524	ZC3H8	7
Gene::8453	CUL2	7
Gene::84532	ACSS1	7
Gene::84807	NFKBID	7
Gene::84875	PARP10	7
Gene::8614	STC2	7
Gene::8648	NCOA1	7
Gene::8692	HYAL2	7
Gene::8817	FGF18	7
Gene::8823	FGF16	7
Gene::8826	IQGAP1	7
Gene::8833	GMPS	7
Gene::8851	CDK5R1	7
Gene::886	CCKAR	7
Gene::8870	IER3	7
Gene::8893	EIF2B5	7
Gene::9060	PAPSS2	7
Gene::9061	PAPSS1	7
Gene::9148	NEURL1	7
Gene::9212	AURKB	7
Gene::9306	SOCS6	7
Gene::9446	GSTO1	7
Gene::9536	PTGES	7
Gene::9555	H2AFY	7
Gene::9620	CELSR1	7
Gene::9966	TNFSF15	7
Gene::9971	NR1H4	7
Gene::10005	ACOT8	6
Gene::10013	HDAC6	6
Gene::100507436	MICA	6
Gene::10142	AKAP9	6
Gene::10165	SLC25A13	6
Gene::1019	CDK4	6
Gene::10201	NME6	6
Gene::1021	CDK6	6
Gene::10211	FLOT1	6
Gene::10253	SPRY2	6
Gene::10297	APC2	6
Gene::1031	CDKN2C	6
Gene::10320	IKZF1	6
Gene::10419	PRMT5	6
Gene::10538	BATF	6
Gene::10673	TNFSF13B	6
Gene::10728	PTGES3	6
Gene::11019	LIAS	6
Gene::11148	HHLA2	6
Gene::11283	CYP4F8	6
Gene::11343	MGLL	6
Gene::115650	TNFRSF13C	6
Gene::124975	GGT6	6
Gene::127281	FAM213B	6
Gene::128	ADH5	6
Gene::1284	COL4A2	6
Gene::1293	COL6A3	6
Gene::1294	COL7A1	6
Gene::1295	COL8A1	6
Gene::1296	COL8A2	6
Gene::1297	COL9A1	6
Gene::1299	COL9A3	6
Gene::1300	COL10A1	6
Gene::1301	COL11A1	6
Gene::1302	COL11A2	6
Gene::1303	COL12A1	6
Gene::1310	COL19A1	6
Gene::131405	TRIM71	6
Gene::131873	COL6A6	6
Gene::133522	PPARGC1B	6
Gene::136227	COL26A1	6
Gene::146206	RLTPR	6
Gene::147906	DACT3	6
Gene::149233	IL23R	6
Gene::1513	CTSK	6
Gene::151449	GDF7	6
Gene::157506	RDH10	6
Gene::168667	BMPER	6
Gene::169026	SLC30A8	6
Gene::1725	DHPS	6
Gene::1814	DRD3	6
Gene::1889	ECE1	6
Gene::1901	S1PR1	6
Gene::1947	EFNB1	6
Gene::1948	EFNB2	6
Gene::1967	EIF2B1	6
Gene::1969	EPHA2	6
Gene::2017	CTTN	6
Gene::2065	ERBB3	6
Gene::2081	ERN1	6
Gene::217	ALDH2	6
Gene::2203	FBP1	6
Gene::2235	FECH	6
Gene::2241	FER	6
Gene::2277	FIGF	6
Gene::22890	ZBTB1	6
Gene::22953	P2RX2	6
Gene::23028	KDM1A	6
Gene::2305	FOXM1	6
Gene::231	AKR1B1	6
Gene::23129	PLXND1	6
Gene::2316	FLNA	6
Gene::23198	PSME4	6
Gene::23236	PLCB1	6
Gene::23308	ICOSLG	6
Gene::23394	ADNP	6
Gene::23405	DICER1	6
Gene::23529	CLCF1	6
Gene::23625	FAM89B	6
Gene::242	ALOX12B	6
Gene::256076	COL6A5	6
Gene::25831	HECTD1	6
Gene::26291	FGF21	6
Gene::2639	GCDH	6
Gene::2683	B4GALT1	6
Gene::2686	GGT7	6
Gene::2696	GIPR	6
Gene::27023	FOXB1	6
Gene::27286	SRPX2	6
Gene::2742	GLRA2	6
Gene::27429	HTRA2	6
Gene::2805	GOT1	6
Gene::2810	SFN	6
Gene::284114	TMEM102	6
Gene::2863	GPR39	6
Gene::29	ABR	6
Gene::2901	GRIK5	6
Gene::2937	GSS	6
Gene::2954	GSTZ1	6
Gene::29969	MDFIC	6
Gene::30061	SLC40A1	6
Gene::3055	HCK	6
Gene::3099	HK2	6
Gene::3105	HLA-A	6
Gene::3113	HLA-DPA1	6
Gene::3115	HLA-DPB1	6
Gene::3155	HMGCL	6
Gene::3248	HPGD	6
Gene::3295	HSD17B4	6
Gene::3351	HTR1B	6
Gene::3357	HTR2B	6
Gene::3630	INS	6
Gene::3665	IRF7	6
Gene::3710	ITPR3	6
Gene::3745	KCNB1	6
Gene::377630	USP17L2	6
Gene::3777	KCNK3	6
Gene::382	ARF6	6
Gene::3902	LAG3	6
Gene::3948	LDHC	6
Gene::3992	FADS1	6
Gene::4143	MAT1A	6
Gene::4254	KITLG	6
Gene::4317	MMP8	6
Gene::4319	MMP10	6
Gene::4320	MMP11	6
Gene::4321	MMP12	6
Gene::4322	MMP13	6
Gene::4325	MMP16	6
Gene::4363	ABCC1	6
Gene::440275	EIF2AK4	6
Gene::4691	NCL	6
Gene::478	ATP1A3	6
Gene::4821	NKX2-2	6
Gene::4843	NOS2	6
Gene::4880	NPPC	6
Gene::4899	NRF1	6
Gene::491	ATP2B2	6
Gene::4914	NTRK1	6
Gene::4923	NTSR1	6
Gene::494551	WEE2	6
Gene::50509	COL5A3	6
Gene::5052	PRDX1	6
Gene::51010	EXOSC3	6
Gene::513	ATP5D	6
Gene::51311	TLR8	6
Gene::51347	TAOK3	6
Gene::51606	ATP6V1H	6
Gene::5211	PFKL	6
Gene::527	ATP6V0C	6
Gene::5294	PIK3CG	6
Gene::5308	PITX2	6
Gene::533	ATP6V0B	6
Gene::5345	SERPINF2	6
Gene::537	ATP6AP1	6
Gene::5420	PODXL	6
Gene::54440	SASH3	6
Gene::545	ATR	6
Gene::5452	POU2F2	6
Gene::5455	POU3F3	6
Gene::54567	DLL4	6
Gene::54900	LAX1	6
Gene::55023	PHIP	6
Gene::55159	RFWD3	6
Gene::55294	FBXW7	6
Gene::5536	PPP5C	6
Gene::5538	PPT1	6
Gene::55544	RBM38	6
Gene::5566	PRKACA	6
Gene::5567	PRKACB	6
Gene::55920	RCC2	6
Gene::5604	MAP2K1	6
Gene::56288	PARD3	6
Gene::5645	PRSS2	6
Gene::571	BACH1	6
Gene::57379	AICDA	6
Gene::57402	S100A14	6
Gene::57669	EPB41L5	6
Gene::5896	RAG1	6
Gene::5919	RARRES2	6
Gene::5921	RASA1	6
Gene::59344	ALOXE3	6
Gene::6051	RNPEP	6
Gene::6097	RORC	6
Gene::6342	SCP2	6
Gene::639	PRDM1	6
Gene::63925	ZNF335	6
Gene::63928	CHP2	6
Gene::64223	MLST8	6
Gene::6425	SFRP5	6
Gene::64326	RFWD2	6
Gene::64344	HIF3A	6
Gene::6446	SGK1	6
Gene::6491	STIL	6
Gene::6529	SLC6A1	6
Gene::6532	SLC6A4	6
Gene::6696	SPP1	6
Gene::6862	T	6
Gene::6863	TAC1	6
Gene::6885	MAP3K7	6
Gene::6886	TAL1	6
Gene::6898	TAT	6
Gene::6926	TBX3	6
Gene::7037	TFRC	6
Gene::7043	TGFB3	6
Gene::7056	THBD	6
Gene::7322	UBE2D2	6
Gene::7323	UBE2D3	6
Gene::7369	UMOD	6
Gene::7373	COL14A1	6
Gene::7409	VAV1	6
Gene::7448	VTN	6
Gene::7466	WFS1	6
Gene::747	DAGLA	6
Gene::773	CACNA1A	6
Gene::79094	CHAC1	6
Gene::7941	PLA2G7	6
Gene::79577	CDC73	6
Gene::80169	CTC1	6
Gene::80199	FUZ	6
Gene::8091	HMGA2	6
Gene::825	CAPN3	6
Gene::8301	PICALM	6
Gene::8313	AXIN2	6
Gene::8324	FZD7	6
Gene::83667	SESN2	6
Gene::8394	PIP5K1A	6
Gene::8431	NR0B2	6
Gene::84417	C2orf40	6
Gene::84570	COL25A1	6
Gene::84868	HAVCR2	6
Gene::8521	GCM1	6
Gene::8613	PPAP2B	6
Gene::8650	NUMB	6
Gene::8651	SOCS1	6
Gene::8710	SERPINB7	6
Gene::873	CBR1	6
Gene::8741	TNFSF13	6
Gene::8842	PROM1	6
Gene::8850	KAT2B	6
Gene::8890	EIF2B4	6
Gene::8891	EIF2B3	6
Gene::8892	EIF2B2	6
Gene::8992	ATP6V0E1	6
Gene::90	ACVR1	6
Gene::9025	RNF8	6
Gene::9156	EXO1	6
Gene::92140	MTDH	6
Gene::9245	GCNT3	6
Gene::928	CD9	6
Gene::9313	MMP20	6
Gene::9368	SLC9A3R1	6
Gene::9478	CABP1	6
Gene::9491	PSMF1	6
Gene::9530	BAG4	6
Gene::958	CD40	6
Gene::966	CD59	6
Gene::9693	RAPGEF2	6
Gene::9723	SEMA3E	6
Gene::9734	HDAC9	6
Gene::9968	MED12	6
Gene::9978	RBX1	6
Gene::100137049	PLA2G4B	5
Gene::10148	EBI3	5
Gene::10155	TRIM28	5
Gene::10327	AKR1A1	5
Gene::10365	KLF2	5
Gene::10394	PRG3	5
Gene::10449	ACAA2	5
Gene::10476	ATP5H	5
Gene::10522	DEAF1	5
Gene::10614	HEXIM1	5
Gene::10632	ATP5L	5
Gene::10787	NCKAP1	5
Gene::1080	CFTR	5
Gene::10858	CYP46A1	5
Gene::10911	UTS2	5
Gene::10935	PRDX3	5
Gene::11235	PDCD10	5
Gene::1141	CHRNB2	5
Gene::118460	EXOSC6	5
Gene::1201	CLN3	5
Gene::121278	TPH2	5
Gene::122706	PSMB11	5
Gene::124	ADH1A	5
Gene::124790	HEXIM2	5
Gene::126	ADH1C	5
Gene::126410	CYP4F22	5
Gene::1268	CNR1	5
Gene::133396	IL31RA	5
Gene::138151	NACC2	5
Gene::140766	ADAMTS14	5
Gene::1429	CRYZ	5
Gene::143471	PSMA8	5
Gene::1437	CSF2	5
Gene::1471	CST3	5
Gene::1482	NKX2-5	5
Gene::1549	CYP2A7	5
Gene::158833	AWAT1	5
Gene::1592	CYP26A1	5
Gene::1616	DAXX	5
Gene::1638	DCT	5
Gene::1645	AKR1C1	5
Gene::1647	GADD45A	5
Gene::1723	DHODH	5
Gene::174	AFP	5
Gene::1811	SLC26A3	5
Gene::1839	HBEGF	5
Gene::1855	DVL1	5
Gene::1856	DVL2	5
Gene::201294	UNC13D	5
Gene::201633	TIGIT	5
Gene::202309	GAPT	5
Gene::2029	ENSA	5
Gene::2043	EPHA4	5
Gene::2074	ERCC6	5
Gene::221264	AK9	5
Gene::223	ALDH9A1	5
Gene::2268	FGR	5
Gene::23064	SETX	5
Gene::23098	SARM1	5
Gene::23114	NFASC	5
Gene::23180	RFTN1	5
Gene::23328	SASH1	5
Gene::23513	SCRIB	5
Gene::23576	DDAH1	5
Gene::23654	PLXNB2	5
Gene::245972	ATP6V0D2	5
Gene::249	ALPL	5
Gene::255738	PCSK9	5
Gene::25960	ADGRA2	5
Gene::26058	GIGYF2	5
Gene::26289	AK5	5
Gene::2631	GBAS	5
Gene::2645	GCK	5
Gene::26508	HEYL	5
Gene::26524	LATS2	5
Gene::267020	ATP5L2	5
Gene::2695	GIP	5
Gene::2702	GJA5	5
Gene::2706	GJB2	5
Gene::27202	C5AR2	5
Gene::2736	GLI2	5
Gene::2741	GLRA1	5
Gene::27430	MAT2B	5
Gene::2765	GML	5
Gene::28227	PPP2R3B	5
Gene::2837	UTS2R	5
Gene::2879	GPX4	5
Gene::2981	GUCA2B	5
Gene::2983	GUCY1B3	5
Gene::29984	RHOD	5
Gene::30968	STOML2	5
Gene::3148	HMGB2	5
Gene::3157	HMGCS1	5
Gene::3170	FOXA2	5
Gene::3265	HRAS	5
Gene::3364	HUS1	5
Gene::3394	IRF8	5
Gene::340665	CYP26C1	5
Gene::3491	CYR61	5
Gene::3554	IL1R1	5
Gene::3574	IL7	5
Gene::3594	IL12RB1	5
Gene::366	AQP9	5
Gene::3678	ITGA5	5
Gene::3689	ITGB2	5
Gene::3712	IVD	5
Gene::375	ARF1	5
Gene::3759	KCNJ2	5
Gene::3784	KCNQ1	5
Gene::3795	KHK	5
Gene::388324	INCA1	5
Gene::3938	LCT	5
Gene::395	ARHGAP6	5
Gene::400916	CHCHD10	5
Gene::402	ARL2	5
Gene::4023	LPL	5
Gene::4038	LRP4	5
Gene::4040	LRP6	5
Gene::4086	SMAD1	5
Gene::4090	SMAD5	5
Gene::4091	SMAD6	5
Gene::4093	SMAD9	5
Gene::4102	MAGEA3	5
Gene::4144	MAT2A	5
Gene::4255	MGMT	5
Gene::4292	MLH1	5
Gene::4331	MNAT1	5
Gene::4524	MTHFR	5
Gene::4671	NAIP	5
Gene::4681	NBL1	5
Gene::4760	NEUROD1	5
Gene::4761	NEUROD2	5
Gene::480	ATP1A4	5
Gene::4803	NGF	5
Gene::481	ATP1B1	5
Gene::4837	NNMT	5
Gene::4853	NOTCH2	5
Gene::4879	NPPB	5
Gene::4882	NPR2	5
Gene::4929	NR4A2	5
Gene::4985	OPRD1	5
Gene::5008	OSM	5
Gene::5021	OXTR	5
Gene::5048	PAFAH1B1	5
Gene::509	ATP5C1	5
Gene::51079	NDUFA13	5
Gene::51083	GAL	5
Gene::51085	MLXIPL	5
Gene::51098	IFT52	5
Gene::51203	NUSAP1	5
Gene::51314	NME8	5
Gene::5139	PDE3A	5
Gene::514	ATP5E	5
Gene::515	ATP5F1	5
Gene::51512	GTSE1	5
Gene::51654	CDK5RAP1	5
Gene::5184	PEPD	5
Gene::521	ATP5I	5
Gene::522	ATP5J	5
Gene::523	ATP6V1A	5
Gene::526	ATP6V1B2	5
Gene::5270	SERPINE2	5
Gene::5272	SERPINB9	5
Gene::528	ATP6V1C1	5
Gene::529	ATP6V1E1	5
Gene::5300	PIN1	5
Gene::5354	PLP1	5
Gene::539	ATP5O	5
Gene::54206	ERRFI1	5
Gene::5446	PON3	5
Gene::54617	INO80	5
Gene::5465	PPARA	5
Gene::54828	BCAS3	5
Gene::54910	SEMA4C	5
Gene::54922	RASIP1	5
Gene::5527	PPP2R5C	5
Gene::5563	PRKAA2	5
Gene::55748	CNDP2	5
Gene::55795	PCID2	5
Gene::5582	PRKCG	5
Gene::55824	PAG1	5
Gene::5584	PRKCI	5
Gene::5585	PKN1	5
Gene::5586	PKN2	5
Gene::5607	MAP2K5	5
Gene::5610	EIF2AK2	5
Gene::5613	PRKX	5
Gene::56547	MMP26	5
Gene::56603	CYP26B1	5
Gene::5682	PSMA1	5
Gene::5683	PSMA2	5
Gene::5684	PSMA3	5
Gene::5685	PSMA4	5
Gene::5686	PSMA5	5
Gene::5687	PSMA6	5
Gene::5688	PSMA7	5
Gene::5689	PSMB1	5
Gene::5690	PSMB2	5
Gene::5691	PSMB3	5
Gene::5692	PSMB4	5
Gene::5693	PSMB5	5
Gene::5694	PSMB6	5
Gene::5695	PSMB7	5
Gene::5696	PSMB8	5
Gene::5699	PSMB10	5
Gene::570	BAAT	5
Gene::57026	PDXP	5
Gene::5707	PSMD1	5
Gene::5708	PSMD2	5
Gene::5709	PSMD3	5
Gene::5710	PSMD4	5
Gene::5711	PSMD5	5
Gene::5714	PSMD8	5
Gene::57140	RNPEPL1	5
Gene::5715	PSMD9	5
Gene::5717	PSMD11	5
Gene::5718	PSMD12	5
Gene::5719	PSMD13	5
Gene::5741	PTH	5
Gene::57493	HEG1	5
Gene::57555	NLGN2	5
Gene::5774	PTPN3	5
Gene::57817	HAMP	5
Gene::5795	PTPRJ	5
Gene::5817	PVR	5
Gene::5819	PVRL2	5
Gene::5860	QDPR	5
Gene::5872	RAB13	5
Gene::5915	RARB	5
Gene::60	ACTB	5
Gene::6093	ROCK1	5
Gene::6118	RPA2	5
Gene::6195	RPS6KA1	5
Gene::6262	RYR2	5
Gene::6343	SCT	5
Gene::64066	MMP27	5
Gene::64398	MPP5	5
Gene::6492	SIM1	5
Gene::65125	WNK1	5
Gene::653361	NCF1	5
Gene::6604	SMARCD3	5
Gene::6778	STAT6	5
Gene::6822	SULT2A1	5
Gene::6834	SURF1	5
Gene::6844	VAMP2	5
Gene::6845	VAMP7	5
Gene::6929	TCF3	5
Gene::7050	TGIF1	5
Gene::7074	TIAM1	5
Gene::7078	TIMP3	5
Gene::71	ACTG1	5
Gene::7122	CLDN5	5
Gene::7252	TSHB	5
Gene::7301	TYRO3	5
Gene::7372	UMPS	5
Gene::7392	USF2	5
Gene::7429	VIL1	5
Gene::7430	EZR	5
Gene::7472	WNT2	5
Gene::7482	WNT2B	5
Gene::7517	XRCC3	5
Gene::790955	UQCC3	5
Gene::7919	DDX39B	5
Gene::796	CALCA	5
Gene::79626	TNFAIP8L2	5
Gene::8074	FGF23	5
Gene::81	ACTN4	5
Gene::8100	IFT88	5
Gene::816	CAMK2B	5
Gene::8289	ARID1A	5
Gene::831	CAST	5
Gene::83596	BCL2L12	5
Gene::83874	TBC1D10A	5
Gene::8399	PLA2G10	5
Gene::84174	SLA2	5
Gene::8443	GNPAT	5
Gene::845	CASQ2	5
Gene::8463	TEAD2	5
Gene::84909	C9orf3	5
Gene::84913	ATOH8	5
Gene::84962	AJUBA	5
Gene::8525	DGKZ	5
Gene::8543	LMO4	5
Gene::8605	PLA2G4C	5
Gene::861	RUNX1	5
Gene::8742	TNFSF12	5
Gene::875	CBS	5
Gene::8809	IL18R1	5
Gene::8828	NRP2	5
Gene::8898	MTMR2	5
Gene::89	ACTN3	5
Gene::90423	ATP6V1E2	5
Gene::91227	GGTLC2	5
Gene::9141	PDCD5	5
Gene::917	CD3G	5
Gene::92086	GGTLC1	5
Gene::923	CD6	5
Gene::9253	NUMBL	5
Gene::9296	ATP6V1F	5
Gene::9378	NRXN1	5
Gene::9447	AIM2	5
Gene::9475	ROCK2	5
Gene::9495	AKAP5	5
Gene::9508	ADAMTS3	5
Gene::9509	ADAMTS2	5
Gene::9551	ATP5J2	5
Gene::959	CD40LG	5
Gene::9605	VPS9D1	5
Gene::9759	HDAC4	5
Gene::9861	PSMD6	5
Gene::9902	MRC2	5
Gene::1002	CDH4	4
Gene::1005	CDH7	4
Gene::10052	GJC1	4
Gene::1006	CDH8	4
Gene::10062	NR1H3	4
Gene::1007	CDH9	4
Gene::10076	PTPRU	4
Gene::1008	CDH10	4
Gene::1009	CDH11	4
Gene::1010	CDH12	4
Gene::10106	CTDSP2	4
Gene::10125	RASGRP1	4
Gene::1013	CDH15	4
Gene::10134	BCAP31	4
Gene::10156	RASA4	4
Gene::1016	CDH18	4
Gene::10188	TNK2	4
Gene::10217	CTDSPL	4
Gene::10235	RASGRP2	4
Gene::10344	CCL26	4
Gene::10345	TRDN	4
Gene::10371	SEMA3A	4
Gene::10400	PEMT	4
Gene::10417	SPON2	4
Gene::10420	TESK2	4
Gene::10427	SEC24B	4
Gene::10451	VAV3	4
Gene::10461	MERTK	4
Gene::10498	CARM1	4
Gene::10507	SEMA4D	4
Gene::1054	CEBPG	4
Gene::10542	LAMTOR5	4
Gene::10550	ARL6IP5	4
Gene::10580	SORBS1	4
Gene::10617	STAMBP	4
Gene::10634	GAS2L1	4
Gene::10670	RRAGA	4
Gene::10699	CORIN	4
Gene::10715	CERS1	4
Gene::10720	UGT2B11	4
Gene::10763	NES	4
Gene::10769	PLK2	4
Gene::10795	ZNF268	4
Gene::10804	GJB6	4
Gene::10808	HSPH1	4
Gene::10913	EDAR	4
Gene::10956	OS9	4
Gene::10979	FERMT2	4
Gene::10999	SLC27A4	4
Gene::11001	SLC27A2	4
Gene::1113	CHGA	4
Gene::11141	IL1RAPL1	4
Gene::11240	PADI2	4
Gene::112401	BIRC8	4
Gene::112812	FDX1L	4
Gene::112817	HOGA1	4
Gene::113	ADCY7	4
Gene::1130	LYST	4
Gene::1147	CHUK	4
Gene::116	ADCYAP1	4
Gene::116285	ACSM1	4
Gene::1178	CLC	4
Gene::119391	GSTO2	4
Gene::1232	CCR3	4
Gene::123720	WHAMM	4
Gene::125981	ACER1	4
Gene::1261	CNGA3	4
Gene::128866	CHMP4B	4
Gene::135	ADORA2A	4
Gene::136	ADORA2B	4
Gene::1365	CLDN3	4
Gene::137964	AGPAT6	4
Gene::139596	UPRT	4
Gene::143098	MPP7	4
Gene::1436	CSF1R	4
Gene::144165	PRICKLE1	4
Gene::146850	PIK3R6	4
Gene::1500	CTNND1	4
Gene::1525	CXADR	4
Gene::154810	AMOTL1	4
Gene::1576	CYP3A4	4
Gene::1583	CYP11A1	4
Gene::1589	CYP21A2	4
Gene::1593	CYP27A1	4
Gene::1601	DAB2	4
Gene::1613	DAPK3	4
Gene::1621	DBH	4
Gene::1646	AKR1C2	4
Gene::1666	DECR1	4
Gene::1718	DHCR24	4
Gene::1738	DLD	4
Gene::1742	DLG4	4
Gene::1761	DMRT1	4
Gene::1803	DPP4	4
Gene::1826	DSCAM	4
Gene::1857	DVL3	4
Gene::1893	ECM1	4
Gene::1896	EDA	4
Gene::1910	EDNRB	4
Gene::1942	EFNA1	4
Gene::1960	EGR3	4
Gene::2041	EPHA1	4
Gene::2068	ERCC2	4
Gene::2098	ESD	4
Gene::2118	ETV4	4
Gene::2147	F2	4
Gene::215	ABCD1	4
Gene::219699	UNC5B	4
Gene::220042	DDIAS	4
Gene::221184	CPNE2	4
Gene::2230	FDX1	4
Gene::2232	FDXR	4
Gene::2242	FES	4
Gene::2244	FGB	4
Gene::2266	FGG	4
Gene::2273	FHL1	4
Gene::22829	NLGN4Y	4
Gene::22841	RAB11FIP2	4
Gene::22992	KDM2A	4
Gene::23017	FAIM2	4
Gene::23026	MYO16	4
Gene::2309	FOXO3	4
Gene::23136	EPB41L3	4
Gene::23137	SMC5	4
Gene::23169	SLC35D1	4
Gene::23175	LPIN1	4
Gene::23205	ACSBG1	4
Gene::23213	SULF1	4
Gene::23332	CLASP1	4
Gene::23440	OTP	4
Gene::23462	HEY1	4
Gene::23493	HEY2	4
Gene::23495	TNFRSF13B	4
Gene::23498	HAAO	4
Gene::2350	FOLR2	4
Gene::2356	FPGS	4
Gene::2495	FTH1	4
Gene::2521	FUS	4
Gene::2535	FZD2	4
Gene::253559	CADM2	4
Gene::2547	XRCC6	4
Gene::255189	PLA2G4F	4
Gene::255324	EPGN	4
Gene::257364	SNX33	4
Gene::258010	SVIP	4
Gene::25807	RHBDD3	4
Gene::25836	NIPBL	4
Gene::25902	MTHFD1L	4
Gene::25945	PVRL3	4
Gene::25959	KANK2	4
Gene::25970	SH2B1	4
Gene::26019	UPF2	4
Gene::26056	RAB11FIP5	4
Gene::26057	ANKRD17	4
Gene::26155	NOC2L	4
Gene::26160	IFT172	4
Gene::2623	GATA1	4
Gene::26271	FBXO5	4
Gene::2629	GBA	4
Gene::2638	GC	4
Gene::2641	GCG	4
Gene::2648	KAT2A	4
Gene::2660	MSTN	4
Gene::26608	TBL2	4
Gene::2664	GDI1	4
Gene::266743	NPAS4	4
Gene::26873	OPLAH	4
Gene::2690	GHR	4
Gene::27132	CPNE7	4
Gene::27166	PRELID1	4
Gene::27284	SULT1B1	4
Gene::2744	GLS	4
Gene::2776	GNAQ	4
Gene::2806	GOT2	4
Gene::2821	GPI	4
Gene::285852	TREML4	4
Gene::286053	NSMCE2	4
Gene::2889	RAPGEF1	4
Gene::2909	ARHGAP35	4
Gene::29117	BRD7	4
Gene::2938	GSTA1	4
Gene::2939	GSTA2	4
Gene::2940	GSTA3	4
Gene::2941	GSTA4	4
Gene::2947	GSTM3	4
Gene::2948	GSTM4	4
Gene::2949	GSTM5	4
Gene::2978	GUCA1A	4
Gene::2982	GUCY1A3	4
Gene::29934	SNX12	4
Gene::29957	SLC25A24	4
Gene::29979	UBQLN1	4
Gene::2998	GYS2	4
Gene::30	ACAA1	4
Gene::30001	ERO1L	4
Gene::3028	HSD17B10	4
Gene::3075	CFH	4
Gene::308	ANXA5	4
Gene::3109	HLA-DMB	4
Gene::3176	HNMT	4
Gene::3202	HOXA5	4
Gene::3204	HOXA7	4
Gene::3240	HP	4
Gene::3249	HPN	4
Gene::3263	HPX	4
Gene::3275	PRMT2	4
Gene::3306	HSPA2	4
Gene::331	XIAP	4
Gene::337	APOA4	4
Gene::339	APOBEC1	4
Gene::34	ACADM	4
Gene::3416	IDE	4
Gene::343	AQP8	4
Gene::347730	LRRTM1	4
Gene::3482	IGF2R	4
Gene::348654	GEN1	4
Gene::3488	IGFBP5	4
Gene::350	APOH	4
Gene::353134	LCE1D	4
Gene::3567	IL5	4
Gene::3575	IL7R	4
Gene::3603	IL16	4
Gene::3655	ITGA6	4
Gene::3683	ITGAL	4
Gene::3685	ITGAV	4
Gene::3716	JAK1	4
Gene::373156	GSTK1	4
Gene::3747	KCNC2	4
Gene::3756	KCNH1	4
Gene::375611	SLC26A5	4
Gene::3776	KCNK2	4
Gene::3858	KRT10	4
Gene::3861	KRT14	4
Gene::387597	ILDR2	4
Gene::389692	MAFA	4
Gene::391104	VHLL	4
Gene::3936	LCP1	4
Gene::3987	LIMS1	4
Gene::4000	LMNA	4
Gene::411	ARSB	4
Gene::4128	MAOA	4
Gene::4192	MDK	4
Gene::4205	MEF2A	4
Gene::4257	MGST1	4
Gene::4259	MGST3	4
Gene::4288	MKI67	4
Gene::4301	MLLT4	4
Gene::4303	FOXO4	4
Gene::4332	MNDA	4
Gene::4342	MOS	4
Gene::4357	MPST	4
Gene::440503	PLIN5	4
Gene::441024	MTHFD2L	4
Gene::4489	MT1A	4
Gene::4493	MT1E	4
Gene::4494	MT1F	4
Gene::4495	MT1G	4
Gene::4496	MT1H	4
Gene::4501	MT1X	4
Gene::4502	MT2A	4
Gene::4627	MYH9	4
Gene::4643	MYO1E	4
Gene::4653	MYOC	4
Gene::4724	NDUFS4	4
Gene::4751	NEK2	4
Gene::4773	NFATC2	4
Gene::4781	NFIB	4
Gene::479	ATP12A	4
Gene::4790	NFKB1	4
Gene::483	ATP1B3	4
Gene::4831	NME2	4
Gene::4883	NPR3	4
Gene::4907	NT5E	4
Gene::494143	CHAC2	4
Gene::495	ATP4A	4
Gene::4986	OPRK1	4
Gene::5024	P2RX3	4
Gene::5025	P2RX4	4
Gene::5034	P4HB	4
Gene::50506	DUOX2	4
Gene::5064	PALM	4
Gene::5077	PAX3	4
Gene::50848	F11R	4
Gene::5092	PCBD1	4
Gene::51024	FIS1	4
Gene::51052	PRLH	4
Gene::51092	SIDT2	4
Gene::51143	DYNC1LI1	4
Gene::5119	CHMP1A	4
Gene::51284	TLR7	4
Gene::5133	PDCD1	4
Gene::51465	UBE2J1	4
Gene::51466	EVL	4
Gene::5164	PDK2	4
Gene::5168	ENPP2	4
Gene::51738	GHRL	4
Gene::5175	PECAM1	4
Gene::5199	CFP	4
Gene::5208	PFKFB2	4
Gene::5217	PFN2	4
Gene::5241	PGR	4
Gene::5291	PIK3CB	4
Gene::5296	PIK3R2	4
Gene::5318	PKP2	4
Gene::5336	PLCG2	4
Gene::53905	DUOX1	4
Gene::54106	TLR9	4
Gene::5423	POLB	4
Gene::54345	SOX18	4
Gene::5447	POR	4
Gene::5451	POU2F1	4
Gene::54576	UGT1A8	4
Gene::54577	UGT1A7	4
Gene::546	ATRX	4
Gene::54600	UGT1A9	4
Gene::54659	UGT1A3	4
Gene::54815	GATAD2A	4
Gene::54898	ELOVL2	4
Gene::55011	PIH1D1	4
Gene::55109	AGGF1	4
Gene::55655	NLRP2	4
Gene::55679	LIMS2	4
Gene::5570	PKIB	4
Gene::55719	FAM178A	4
Gene::55740	ENAH	4
Gene::55764	IFT122	4
Gene::55811	ADCY10	4
Gene::55929	DMAP1	4
Gene::5609	MAP2K7	4
Gene::5618	PRLR	4
Gene::56652	C10orf2	4
Gene::57120	GOPC	4
Gene::57167	SALL4	4
Gene::57506	MAVS	4
Gene::57521	RPTOR	4
Gene::57534	MIB1	4
Gene::5754	PTK7	4
Gene::57619	SHROOM3	4
Gene::5770	PTPN1	4
Gene::57822	GRHL3	4
Gene::57829	ZP4	4
Gene::57863	CADM3	4
Gene::5789	PTPRD	4
Gene::5799	PTPRN2	4
Gene::5818	PVRL1	4
Gene::58190	CTDSP1	4
Gene::5828	PEX2	4
Gene::5873	RAB27A	4
Gene::5888	RAD51	4
Gene::5898	RALA	4
Gene::5916	RARG	4
Gene::59341	TRPV4	4
Gene::60481	ELOVL5	4
Gene::623	BDKRB1	4
Gene::6281	S100A10	4
Gene::6283	S100A12	4
Gene::629	CFB	4
Gene::633	BGN	4
Gene::6331	SCN5A	4
Gene::6346	CCL1	4
Gene::6355	CCL8	4
Gene::6364	CCL20	4
Gene::63950	DMRTA2	4
Gene::64005	MYO1G	4
Gene::64077	LHPP	4
Gene::64218	SEMA4A	4
Gene::6430	SRSF5	4
Gene::64399	HHIP	4
Gene::64403	CDH24	4
Gene::64506	CPEB1	4
Gene::64754	SMYD3	4
Gene::64783	RBM15	4
Gene::6480	ST6GAL1	4
Gene::64805	P2RY12	4
Gene::64834	ELOVL1	4
Gene::64926	RASAL3	4
Gene::6496	SIX3	4
Gene::6514	SLC2A2	4
Gene::6517	SLC2A4	4
Gene::6518	SLC2A5	4
Gene::653	BMP5	4
Gene::653689	GSTT2B	4
Gene::6597	SMARCA4	4
Gene::65979	PHACTR4	4
Gene::65981	CAPRIN2	4
Gene::6624	FSCN1	4
Gene::6652	SORD	4
Gene::6670	SP3	4
Gene::6672	SP100	4
Gene::668	FOXL2	4
Gene::6688	SPI1	4
Gene::6708	SPTA1	4
Gene::6711	SPTBN1	4
Gene::6718	AKR1D1	4
Gene::6752	SSTR2	4
Gene::6783	SULT1E1	4
Gene::6786	STIM1	4
Gene::6788	STK3	4
Gene::6810	STX4	4
Gene::6812	STXBP1	4
Gene::6817	SULT1A1	4
Gene::685	BTC	4
Gene::6857	SYT1	4
Gene::687	KLF9	4
Gene::6872	TAF1	4
Gene::6899	TBX1	4
Gene::6904	TBCD	4
Gene::6915	TBXA2R	4
Gene::7006	TEC	4
Gene::7009	TMBIM6	4
Gene::7039	TGFA	4
Gene::7049	TGFBR3	4
Gene::7094	TLN1	4
Gene::7143	TNR	4
Gene::7222	TRPC3	4
Gene::7289	TULP3	4
Gene::7294	TXK	4
Gene::7352	UCP3	4
Gene::7363	UGT2B4	4
Gene::7403	KDM6A	4
Gene::7414	VCL	4
Gene::7486	WRN	4
Gene::7516	XRCC2	4
Gene::7518	XRCC4	4
Gene::7546	ZIC2	4
Gene::7776	ZNF236	4
Gene::7798	LUZP1	4
Gene::7804	LRP8	4
Gene::7827	NPHS2	4
Gene::7832	BTG2	4
Gene::79017	GGCT	4
Gene::79027	ZNF655	4
Gene::79031	PDCL3	4
Gene::79085	SLC25A23	4
Gene::79148	MMP28	4
Gene::7940	LST1	4
Gene::79582	SPAG16	4
Gene::79733	E2F8	4
Gene::79800	CARF	4
Gene::79901	CYBRD1	4
Gene::79960	JADE1	4
Gene::80010	RMI1	4
Gene::80142	PTGES2	4
Gene::80823	BHLHB9	4
Gene::8092	ALX1	4
Gene::81607	PVRL4	4
Gene::8200	GDF5	4
Gene::8312	AXIN1	4
Gene::8323	FZD6	4
Gene::83401	ELOVL3	4
Gene::83595	SOX7	4
Gene::83660	TLN2	4
Gene::83700	JAM3	4
Gene::8382	NME5	4
Gene::84101	USP44	4
Gene::84236	RHBDD1	4
Gene::84250	ANKRD32	4
Gene::84334	APOPT1	4
Gene::8451	CUL4A	4
Gene::84687	PPP1R9B	4
Gene::84867	PTPN5	4
Gene::8509	NDST2	4
Gene::85358	SHANK3	4
Gene::8550	MAPKAPK5	4
Gene::8658	TNKS	4
Gene::87	ACTN1	4
Gene::8744	TNFSF9	4
Gene::8832	CD84	4
Gene::8862	APLN	4
Gene::8874	ARHGEF7	4
Gene::8882	ZPR1	4
Gene::8883	NAE1	4
Gene::8895	CPNE3	4
Gene::8904	CPNE1	4
Gene::8941	CDK5R2	4
Gene::8942	KYNU	4
Gene::8976	WASL	4
Gene::8989	TRPA1	4
Gene::9020	MAP3K14	4
Gene::90381	TICRR	4
Gene::9048	ARTN	4
Gene::9088	PKMYT1	4
Gene::91607	SLFN11	4
Gene::91862	MARVELD3	4
Gene::919	CD247	4
Gene::9200	HACD1	4
Gene::9230	RAB11B	4
Gene::93	ACVR2B	4
Gene::9344	TAOK2	4
Gene::9355	LHX2	4
Gene::9379	NRXN2	4
Gene::9420	CYP7B1	4
Gene::9421	HAND1	4
Gene::94241	TP53INP1	4
Gene::9465	AKAP7	4
Gene::9479	MAPK8IP1	4
Gene::9500	MAGED1	4
Gene::9510	ADAMTS1	4
Gene::952	CD38	4
Gene::9564	BCAR1	4
Gene::9611	NCOR1	4
Gene::975	CD81	4
Gene::9774	BCLAF1	4
Gene::9928	KIF14	4
Gene::993	CDC25A	4
Gene::995	CDC25C	4
Gene::10	NAT2	3
Gene::10021	HCN4	3
Gene::10040	TOM1L1	3
Gene::10049	DNAJB6	3
Gene::100506658	OCLN	3
Gene::10068	IL18BP	3
Gene::10081	PDCD7	3
Gene::10096	ACTR3	3
Gene::10097	ACTR2	3
Gene::10116	FEM1B	3
Gene::10178	TENM1	3
Gene::10204	NUTF2	3
Gene::10207	INADL	3
Gene::1022	CDK7	3
Gene::10221	TRIB1	3
Gene::10229	COQ7	3
Gene::10249	GLYAT	3
Gene::10276	NET1	3
Gene::10294	DNAJA2	3
Gene::10325	RRAGB	3
Gene::10333	TLR6	3
Gene::10380	BPNT1	3
Gene::10434	LYPLA1	3
Gene::10456	HAX1	3
Gene::10467	ZNHIT1	3
Gene::10481	HOXB13	3
Gene::10494	STK25	3
Gene::10512	SEMA3C	3
Gene::10523	CHERP	3
Gene::10616	RBCK1	3
Gene::10636	RGS14	3
Gene::1066	CES1	3
Gene::10672	GNA13	3
Gene::10744	PTTG2	3
Gene::1075	CTSC	3
Gene::10765	KDM5B	3
Gene::10783	NEK6	3
Gene::108	ADCY2	3
Gene::10818	FRS2	3
Gene::10856	RUVBL2	3
Gene::10985	GCN1L1	3
Gene::10993	SDS	3
Gene::11023	VAX1	3
Gene::111	ADCY5	3
Gene::11113	CIT	3
Gene::1112	FOXN3	3
Gene::11187	PKP3	3
Gene::112	ADCY6	3
Gene::11213	IRAK3	3
Gene::11221	DUSP10	3
Gene::11252	PACSIN2	3
Gene::113130	CDCA5	3
Gene::11334	TUSC2	3
Gene::1139	CHRNA7	3
Gene::114	ADCY8	3
Gene::114836	SLAMF6	3
Gene::114897	C1QTNF1	3
Gene::114990	VASN	3
Gene::115	ADCY9	3
Gene::115362	GBP5	3
Gene::1161	ERCC8	3
Gene::116844	LRG1	3
Gene::117	ADCYAP1R1	3
Gene::117584	RFFL	3
Gene::1179	CLCA1	3
Gene::1182	CLCN3	3
Gene::121665	SPPL3	3
Gene::1234	CCR5	3
Gene::124925	SEZ6	3
Gene::1270	CNTF	3
Gene::127018	LYPLAL1	3
Gene::13	AADAC	3
Gene::131578	LRRC15	3
Gene::1326	MAP3K8	3
Gene::132864	CPEB2	3
Gene::134147	CMBL	3
Gene::134353	LSM11	3
Gene::134864	TAAR1	3
Gene::135250	RAET1E	3
Gene::135458	HUS1B	3
Gene::137075	CLDN23	3
Gene::1374	CPT1A	3
Gene::1386	ATF2	3
Gene::1390	CREM	3
Gene::1395	CRHR2	3
Gene::1396	CRIP1	3
Gene::14	AAMP	3
Gene::142	PARP1	3
Gene::142679	DUSP19	3
Gene::143162	FRMPD2	3
Gene::1447	CSN2	3
Gene::1448	CSN3	3
Gene::145482	PTGR2	3
Gene::1462	VCAN	3
Gene::146691	TOM1L2	3
Gene::146760	RTN4RL1	3
Gene::147	ADRA1B	3
Gene::147040	KCTD11	3
Gene::149461	CLDN19	3
Gene::1501	CTNND2	3
Gene::151242	PPP1R1C	3
Gene::153562	MARVELD2	3
Gene::1551	CYP3A7	3
Gene::1577	CYP3A5	3
Gene::1580	CYP4B1	3
Gene::1595	CYP51A1	3
Gene::16	AARS	3
Gene::160418	TMTC3	3
Gene::163175	LGI4	3
Gene::1633	DCK	3
Gene::163486	DENND1B	3
Gene::170692	ADAMTS18	3
Gene::1716	DGUOK	3
Gene::178	AGL	3
Gene::1815	DRD4	3
Gene::1816	DRD5	3
Gene::1828	DSG1	3
Gene::185	AGTR1	3
Gene::1949	EFNB3	3
Gene::1954	MEGF8	3
Gene::196743	PAOX	3
Gene::196883	ADCY4	3
Gene::2	A2M	3
Gene::2016	EMX1	3
Gene::2045	EPHA7	3
Gene::2052	EPHX1	3
Gene::2057	EPOR	3
Gene::2108	ETFA	3
Gene::2109	ETFB	3
Gene::2110	ETFDH	3
Gene::2161	F12	3
Gene::2182	ACSL4	3
Gene::2192	FBLN1	3
Gene::219931	TPCN2	3
Gene::2200	FBN1	3
Gene::221395	ADGRF5	3
Gene::221935	SDK1	3
Gene::2249	FGF4	3
Gene::225689	MAPK15	3
Gene::2280	FKBP1A	3
Gene::22849	CPEB3	3
Gene::22925	PLA2R1	3
Gene::2294	FOXF1	3
Gene::22941	SHANK2	3
Gene::22954	TRIM32	3
Gene::22977	AKR7A3	3
Gene::23122	CLASP2	3
Gene::2319	FLOT2	3
Gene::2326	FMO1	3
Gene::2327	FMO2	3
Gene::2328	FMO3	3
Gene::23327	NEDD4L	3
Gene::23363	OBSL1	3
Gene::23371	TNS2	3
Gene::23373	CRTC1	3
Gene::23400	ATP13A2	3
Gene::23417	MLYCD	3
Gene::23499	MACF1	3
Gene::23514	SPIDR	3
Gene::23515	MORC3	3
Gene::23560	GTPBP4	3
Gene::23562	CLDN14	3
Gene::23600	AMACR	3
Gene::23659	PLA2G15	3
Gene::23767	FLRT3	3
Gene::24145	PANX1	3
Gene::24146	CLDN15	3
Gene::246778	IL27	3
Gene::253430	IPMK	3
Gene::2537	IFI6	3
Gene::2539	G6PD	3
Gene::255027	MPV17L	3
Gene::2558	GABRA5	3
Gene::2571	GAD1	3
Gene::25824	PRDX5	3
Gene::25830	SULT4A1	3
Gene::25949	SYF2	3
Gene::2596	GAP43	3
Gene::25976	TIPARP	3
Gene::26012	NSMF	3
Gene::26051	PPP1R16B	3
Gene::26052	DNM3	3
Gene::26149	ZNF658	3
Gene::2619	GAS1	3
Gene::26285	CLDN17	3
Gene::2637	GBX2	3
Gene::2646	GCKR	3
Gene::2670	GFAP	3
Gene::2673	GFPT1	3
Gene::2675	GFRA2	3
Gene::2688	GH1	3
Gene::2701	GJA4	3
Gene::27031	NPHP3	3
Gene::27102	EIF2AK1	3
Gene::27232	GNMT	3
Gene::27233	SULT1C4	3
Gene::27248	ERLEC1	3
Gene::2764	GMFB	3
Gene::2766	GMPR	3
Gene::2778	GNAS	3
Gene::2782	GNB1	3
Gene::2792	GNGT1	3
Gene::2794	GNL1	3
Gene::2801	GOLGA2	3
Gene::2819	GPD1	3
Gene::2824	GPM6B	3
Gene::283514	SIAH3	3
Gene::284217	LAMA1	3
Gene::286151	FBXO43	3
Gene::2878	GPX3	3
Gene::2896	GRN	3
Gene::28976	ACAD9	3
Gene::2898	GRIK2	3
Gene::28982	FLVCR1	3
Gene::28999	KLF15	3
Gene::2908	NR3C1	3
Gene::29127	RACGAP1	3
Gene::2963	GTF2F2	3
Gene::2977	GUCY1A2	3
Gene::29785	CYP2S1	3
Gene::2984	GUCY2C	3
Gene::29851	ICOS	3
Gene::2986	GUCY2F	3
Gene::2987	GUK1	3
Gene::29922	NME7	3
Gene::3000	GUCY2D	3
Gene::3002	GZMB	3
Gene::3037	HAS2	3
Gene::3043	HBB	3
Gene::30835	CD209	3
Gene::30837	SOCS7	3
Gene::3117	HLA-DQA1	3
Gene::3118	HLA-DQA2	3
Gene::312	ANXA13	3
Gene::3120	HLA-DQB2	3
Gene::3122	HLA-DRA	3
Gene::314	AOC2	3
Gene::3164	NR4A1	3
Gene::3175	ONECUT1	3
Gene::3217	HOXB7	3
Gene::322	APBB1	3
Gene::3239	HOXD13	3
Gene::3273	HRG	3
Gene::3291	HSD11B2	3
Gene::3292	HSD17B1	3
Gene::3358	HTR2C	3
Gene::337867	UBAC2	3
Gene::3400	ID4	3
Gene::340061	TMEM173	3
Gene::340371	NRBP2	3
Gene::340419	RSPO2	3
Gene::341676	NEK5	3
Gene::342618	SLFN14	3
Gene::3467	IFNW1	3
Gene::3476	IGBP1	3
Gene::347736	NME9	3
Gene::348980	HCN1	3
Gene::349667	RTN4RL2	3
Gene::3557	IL1RN	3
Gene::3577	CXCR1	3
Gene::3589	IL11	3
Gene::3605	IL17A	3
Gene::3624	INHBA	3
Gene::3640	INSL3	3
Gene::3675	ITGA3	3
Gene::37	ACADVL	3
Gene::3702	ITK	3
Gene::3707	ITPKB	3
Gene::3720	JARID2	3
Gene::3736	KCNA1	3
Gene::3746	KCNC1	3
Gene::3751	KCND2	3
Gene::3757	KCNH2	3
Gene::375790	AGRN	3
Gene::3766	KCNJ10	3
Gene::3843	IPO5	3
Gene::387695	C10orf99	3
Gene::389	RHOC	3
Gene::389400	GFRAL	3
Gene::3909	LAMA3	3
Gene::3914	LAMB3	3
Gene::3915	LAMC1	3
Gene::3918	LAMC2	3
Gene::3931	LCAT	3
Gene::3964	LGALS8	3
Gene::3982	LIM2	3
Gene::3991	LIPE	3
Gene::3993	LLGL2	3
Gene::4004	LMO1	3
Gene::4025	LPO	3
Gene::4035	LRP1	3
Gene::4049	LTA	3
Gene::4057	LTF	3
Gene::406	ARNTL	3
Gene::4137	MAPT	3
Gene::4157	MC1R	3
Gene::4170	MCL1	3
Gene::4194	MDM4	3
Gene::4210	MEFV	3
Gene::4214	MAP3K1	3
Gene::4216	MAP3K4	3
Gene::4241	MFI2	3
Gene::4277	MICB	3
Gene::4329	ALDH6A1	3
Gene::4340	MOG	3
Gene::435	ASL	3
Gene::4354	MPP1	3
Gene::4361	MRE11A	3
Gene::4487	MSX1	3
Gene::4490	MT1B	3
Gene::4499	MT1M	3
Gene::4507	MTAP	3
Gene::4544	MTNR1B	3
Gene::4593	MUSK	3
Gene::4594	MUT	3
Gene::4617	MYF5	3
Gene::4618	MYF6	3
Gene::4644	MYO5A	3
Gene::467	ATF3	3
Gene::4745	NELL1	3
Gene::4762	NEUROG1	3
Gene::4804	NGFR	3
Gene::4832	NME3	3
Gene::4833	NME4	3
Gene::4841	NONO	3
Gene::4854	NOTCH3	3
Gene::4869	NPM1	3
Gene::4889	NPY5R	3
Gene::49861	CLDN20	3
Gene::5026	P2RX5	3
Gene::50487	PLA2G3	3
Gene::50488	MINK1	3
Gene::5078	PAX4	3
Gene::50809	HP1BP3	3
Gene::50855	PARD6A	3
Gene::51009	DERL2	3
Gene::51022	GLRX2	3
Gene::5111	PCNA	3
Gene::51135	IRAK4	3
Gene::51144	HSD17B12	3
Gene::51208	CLDN18	3
Gene::5125	PCSK5	3
Gene::51292	GMPR2	3
Gene::51374	ATRAID	3
Gene::51380	CSAD	3
Gene::5142	PDE4B	3
Gene::51429	SNX9	3
Gene::51451	LCMT1	3
Gene::51548	SIRT6	3
Gene::51562	MBIP	3
Gene::5163	PDK1	3
Gene::51752	ERAP1	3
Gene::51762	RAB8B	3
Gene::51765	STK26	3
Gene::51816	CECR1	3
Gene::5187	PER1	3
Gene::5293	PIK3CD	3
Gene::5329	PLAUR	3
Gene::53354	PANK1	3
Gene::53371	NUP54	3
Gene::5338	PLD2	3
Gene::5350	PLN	3
Gene::5356	PLRG1	3
Gene::5361	PLXNA1	3
Gene::54209	TREM2	3
Gene::54363	HAO1	3
Gene::54475	NLE1	3
Gene::54490	UGT2B28	3
Gene::54498	SMOX	3
Gene::5457	POU4F1	3
Gene::54575	UGT1A10	3
Gene::54578	UGT1A6	3
Gene::54579	UGT1A5	3
Gene::54657	UGT1A4	3
Gene::54905	CYP2W1	3
Gene::54929	TMEM161A	3
Gene::5499	PPP1CA	3
Gene::54997	TESC	3
Gene::54998	AURKAIP1	3
Gene::55022	PID1	3
Gene::55214	P3H2	3
Gene::55215	FANCI	3
Gene::55229	PANK4	3
Gene::55258	THNSL2	3
Gene::55273	TMEM100	3
Gene::55289	ACOXL	3
Gene::5534	PPP3R1	3
Gene::55432	YOD1	3
Gene::55607	PPP1R9A	3
Gene::55615	PRR5	3
Gene::55742	PARVA	3
Gene::5579	PRKCB	3
Gene::55832	CAND1	3
Gene::55856	ACOT13	3
Gene::55872	PBK	3
Gene::5590	PRKCZ	3
Gene::55908	C19orf80	3
Gene::55909	BIN3	3
Gene::5592	PRKG1	3
Gene::55959	SULF2	3
Gene::56005	MYDGF	3
Gene::5608	MAP2K6	3
Gene::5617	PRL	3
Gene::56241	SUSD2	3
Gene::5625	PRODH	3
Gene::56257	MEPCE	3
Gene::5627	PROS1	3
Gene::5648	MASP1	3
Gene::57030	SLC17A7	3
Gene::57057	TBX20	3
Gene::57111	RAB25	3
Gene::57175	CORO1B	3
Gene::57178	ZMIZ1	3
Gene::57181	SLC39A10	3
Gene::57412	AS3MT	3
Gene::57580	PREX1	3
Gene::57591	MKL1	3
Gene::57600	FNIP2	3
Gene::57630	SH3RF1	3
Gene::57646	USP28	3
Gene::57805	CCAR2	3
Gene::57834	CYP4F11	3
Gene::57835	SLC4A5	3
Gene::5810	RAD1	3
Gene::58158	NEUROD4	3
Gene::5837	PYGM	3
Gene::58528	RRAGD	3
Gene::59	ACTA2	3
Gene::5905	RANGAP1	3
Gene::5908	RAP1B	3
Gene::59338	PLEKHA1	3
Gene::59343	SENP2	3
Gene::5997	RGS2	3
Gene::60490	PPCDC	3
Gene::610	HCN2	3
Gene::6197	RPS6KA3	3
Gene::6240	RRM1	3
Gene::6251	RSU1	3
Gene::6317	SERPINB3	3
Gene::6319	SCD	3
Gene::63826	SRR	3
Gene::63827	BCAN	3
Gene::63967	CLSPN	3
Gene::640	BLK	3
Gene::64101	LRRC4	3
Gene::64121	RRAGC	3
Gene::6416	MAP2K4	3
Gene::64175	P3H1	3
Gene::64321	SOX17	3
Gene::64581	CLEC7A	3
Gene::6478	SIAH2	3
Gene::64816	CYP3A43	3
Gene::6502	SKP2	3
Gene::65267	WNK3	3
Gene::653464	SRGAP2C	3
Gene::6550	SLC9A3	3
Gene::6558	SLC12A2	3
Gene::657	BMPR1A	3
Gene::6570	SLC18A1	3
Gene::660	BMX	3
Gene::6620	SNCB	3
Gene::665	BNIP3L	3
Gene::6653	SORL1	3
Gene::6654	SOS1	3
Gene::6655	SOS2	3
Gene::6660	SOX5	3
Gene::6667	SP1	3
Gene::667	DST	3
Gene::6753	SSTR3	3
Gene::677	ZFP36L1	3
Gene::6799	SULT1A2	3
Gene::6801	STRN	3
Gene::6809	STX3	3
Gene::6818	SULT1A3	3
Gene::6819	SULT1C2	3
Gene::6820	SULT2B1	3
Gene::6821	SUOX	3
Gene::6839	SUV39H1	3
Gene::6935	ZEB1	3
Gene::694	BTG1	3
Gene::7001	PRDX2	3
Gene::7022	TFAP2C	3
Gene::7082	TJP1	3
Gene::7137	TNNI3	3
Gene::7148	TNXB	3
Gene::7168	TPM1	3
Gene::7172	TPMT	3
Gene::7173	TPO	3
Gene::7184	HSP90B1	3
Gene::7274	TTPA	3
Gene::7325	UBE2E2	3
Gene::7327	UBE2G2	3
Gene::7341	SUMO1	3
Gene::7358	UGDH	3
Gene::7360	UGP2	3
Gene::7366	UGT2B15	3
Gene::7368	UGT8	3
Gene::7391	USF1	3
Gene::7425	VGF	3
Gene::7432	VIP	3
Gene::7442	TRPV1	3
Gene::7450	VWF	3
Gene::7483	WNT9A	3
Gene::7508	XPC	3
Gene::7520	XRCC5	3
Gene::7703	PCGF2	3
Gene::7779	SLC30A1	3
Gene::7786	MAP3K12	3
Gene::79071	ELOVL6	3
Gene::79109	MAPKAP1	3
Gene::79152	FA2H	3
Gene::79576	NKAP	3
Gene::79600	TCTN1	3
Gene::79646	PANK3	3
Gene::79717	PPCS	3
Gene::79723	SUV39H2	3
Gene::79727	LIN28A	3
Gene::79778	MICALL2	3
Gene::79805	VASH2	3
Gene::7984	ARHGEF5	3
Gene::79877	DCAKD	3
Gene::799	CALCR	3
Gene::79924	ADM2	3
Gene::80025	PANK2	3
Gene::80059	LRRTM4	3
Gene::80196	RNF34	3
Gene::80347	COASY	3
Gene::80725	SRCIN1	3
Gene::8284	KDM5D	3
Gene::8310	ACOX3	3
Gene::8318	CDC45	3
Gene::83639	TEX101	3
Gene::83695	RHNO1	3
Gene::8408	ULK1	3
Gene::84129	ACAD11	3
Gene::84152	PPP1R1B	3
Gene::8428	STK24	3
Gene::84329	HVCN1	3
Gene::84552	PARD6G	3
Gene::84612	PARD6B	3
Gene::84709	MGARP	3
Gene::84722	PSRC1	3
Gene::84869	CBR4	3
Gene::84870	RSPO3	3
Gene::84896	ATAD1	3
Gene::84919	PPP1R15B	3
Gene::84959	UBASH3B	3
Gene::84967	LSM10	3
Gene::8502	PKP4	3
Gene::8506	CNTNAP1	3
Gene::8528	DDO	3
Gene::85302	FBF1	3
Gene::85440	DOCK7	3
Gene::8556	CDC14A	3
Gene::8558	CDK10	3
Gene::8574	AKR7A2	3
Gene::8639	AOC3	3
Gene::8673	VAMP8	3
Gene::8676	STX11	3
Gene::871	SERPINH1	3
Gene::8720	MBTPS1	3
Gene::8766	RAB11A	3
Gene::8784	TNFRSF18	3
Gene::8824	CES2	3
Gene::8831	SYNGAP1	3
Gene::8835	SOCS2	3
Gene::8841	HDAC3	3
Gene::8856	NR1I2	3
Gene::8912	CACNA1H	3
Gene::8914	TIMELESS	3
Gene::8929	PHOX2B	3
Gene::8945	BTRC	3
Gene::89832	CHRFAM7A	3
Gene::9	NAT1	3
Gene::9049	AIP	3
Gene::9069	CLDN12	3
Gene::9076	CLDN1	3
Gene::9080	CLDN9	3
Gene::90865	IL33	3
Gene::90993	CREB3L1	3
Gene::91319	DERL3	3
Gene::91461	PKDCC	3
Gene::91603	ZNF830	3
Gene::91703	ACY3	3
Gene::9181	ARHGEF2	3
Gene::921	CD5	3
Gene::92270	ATP6AP1L	3
Gene::9232	PTTG1	3
Gene::92359	CRB3	3
Gene::92421	CHMP4C	3
Gene::9402	GRAP2	3
Gene::9415	FADS2	3
Gene::9444	QKI	3
Gene::9456	HOMER1	3
Gene::9480	ONECUT2	3
Gene::9520	NPEPPS	3
Gene::9525	VPS4B	3
Gene::9528	TMEM59	3
Gene::9587	MAD2L1BP	3
Gene::961	CD47	3
Gene::967	CD63	3
Gene::9683	N4BP1	3
Gene::9697	TRAM2	3
Gene::9700	ESPL1	3
Gene::9709	HERPUD1	3
Gene::9711	KIAA0226	3
Gene::9735	KNTC1	3
Gene::9775	EIF4A3	3
Gene::978	CDA	3
Gene::9787	DLGAP5	3
Gene::9818	NUPL1	3
Gene::9821	RB1CC1	3
Gene::9869	SETDB1	3
Gene::9984	THOC1	3
Gene::9992	KCNE2	3
Gene::10006	ABI1	2
Gene::10008	KCNE3	2
Gene::100132074	FOXO6	2
Gene::10014	HDAC5	2
Gene::100287171	WASH1	2
Gene::100431172	KLRF2	2
Gene::10059	DNM1L	2
Gene::10090	UST	2
Gene::10092	ARPC5	2
Gene::10093	ARPC4	2
Gene::10094	ARPC3	2
Gene::10095	ARPC1B	2
Gene::10100	TSPAN2	2
Gene::10109	ARPC2	2
Gene::10112	KIF20A	2
Gene::10131	TRAP1	2
Gene::10135	NAMPT	2
Gene::10170	DHRS9	2
Gene::10215	OLIG2	2
Gene::10268	RAMP3	2
Gene::10272	FSTL3	2
Gene::10287	RGS19	2
Gene::10319	LAMC3	2
Gene::10347	ABCA7	2
Gene::10361	NPM2	2
Gene::10383	TUBB4B	2
Gene::10455	ECI2	2
Gene::10464	PIBF1	2
Gene::10478	SLC25A17	2
Gene::10479	SLC9A6	2
Gene::10497	UNC13B	2
Gene::10518	CIB2	2
Gene::10524	KAT5	2
Gene::1053	CEBPE	2
Gene::10551	AGR2	2
Gene::10552	ARPC1A	2
Gene::10588	MTHFS	2
Gene::10600	USP16	2
Gene::10611	PDLIM5	2
Gene::1062	CENPE	2
Gene::10626	TRIM16	2
Gene::10641	NPRL2	2
Gene::10675	CSPG5	2
Gene::10716	TBR1	2
Gene::10755	GIPC1	2
Gene::1081	CGA	2
Gene::10810	WASF3	2
Gene::1082	CGB	2
Gene::10840	ALDH1L1	2
Gene::10841	FTCD	2
Gene::10855	HPSE	2
Gene::10888	GPR83	2
Gene::10892	MALT1	2
Gene::10893	MMP24	2
Gene::10938	EHD1	2
Gene::10965	ACOT2	2
Gene::10998	SLC27A5	2
Gene::11009	IL24	2
Gene::1101	CHAD	2
Gene::11011	TLK2	2
Gene::1103	CHAT	2
Gene::11030	RBPMS	2
Gene::1104	RCC1	2
Gene::11047	ADRM1	2
Gene::1109	AKR1C4	2
Gene::11108	PRDM4	2
Gene::11112	HIBADH	2
Gene::11140	CDC37	2
Gene::11144	DMC1	2
Gene::1116	CHI3L1	2
Gene::11178	LZTS1	2
Gene::11179	ZNF277	2
Gene::11180	WDR6	2
Gene::11201	POLI	2
Gene::11231	SEC63	2
Gene::112487	DTD2	2
Gene::112574	SNX18	2
Gene::1128	CHRM1	2
Gene::1131	CHRM3	2
Gene::113189	CHST14	2
Gene::11319	ECD	2
Gene::113235	SLC46A1	2
Gene::11345	GABARAPL2	2
Gene::114781	BTBD9	2
Gene::1149	CIDEA	2
Gene::114907	FBXO32	2
Gene::116039	OSR2	2
Gene::1163	CKS1B	2
Gene::116369	SLC26A8	2
Gene::1164	CKS2	2
Gene::116448	OLIG1	2
Gene::116519	APOA5	2
Gene::116840	CNTROB	2
Gene::116986	AGAP2	2
Gene::117854	TRIM6	2
Gene::118738	ZNF488	2
Gene::1196	CLK2	2
Gene::1203	CLN5	2
Gene::1213	CLTC	2
Gene::121457	IKBIP	2
Gene::122809	SOCS4	2
Gene::122970	ACOT4	2
Gene::123688	HYKK	2
Gene::123872	DNAAF1	2
Gene::123879	DCUN1D3	2
Gene::124599	CD300LB	2
Gene::125061	AFMID	2
Gene::126129	CPT1C	2
Gene::126520	PLK5	2
Gene::126695	KDF1	2
Gene::126731	CCSAP	2
Gene::1269	CNR2	2
Gene::1271	CNTFR	2
Gene::127124	ATP6V1G3	2
Gene::127435	PODN	2
Gene::127544	RNF19B	2
Gene::127933	UHMK1	2
Gene::128240	APOA1BP	2
Gene::128434	VSTM2L	2
Gene::129446	XIRP2	2
Gene::129531	MITD1	2
Gene::130013	ACMSD	2
Gene::1314	COPA	2
Gene::1316	KLF6	2
Gene::131601	TPRA1	2
Gene::131669	UROC1	2
Gene::133746	JMY	2
Gene::135644	TRIM40	2
Gene::136319	MTPN	2
Gene::1369	CPN1	2
Gene::1371	CPOX	2
Gene::1375	CPT1B	2
Gene::1376	CPT2	2
Gene::1384	CRAT	2
Gene::1388	ATF6B	2
Gene::1389	CREBL2	2
Gene::140706	CCM2L	2
Gene::140823	ROMO1	2
Gene::143458	LDLRAD3	2
Gene::143570	XRRA1	2
Gene::144100	PLEKHA7	2
Gene::144715	RAD9B	2
Gene::1463	NCAN	2
Gene::1468	SLC25A10	2
Gene::148738	HFE2	2
Gene::148867	SLC30A7	2
Gene::151176	FAM132B	2
Gene::151195	CCNYL1	2
Gene::152007	GLIPR2	2
Gene::152559	PAQR3	2
Gene::153	ADRB1	2
Gene::154043	CNKSR3	2
Gene::154064	RAET1L	2
Gene::155	ADRB3	2
Gene::160428	ALDH1L2	2
Gene::1609	DGKQ	2
Gene::1610	DAO	2
Gene::1618	DAZL	2
Gene::1627	DBN1	2
Gene::1628	DBP	2
Gene::1630	DCC	2
Gene::1632	ECI1	2
Gene::164	AP1G1	2
Gene::1641	DCX	2
Gene::1642	DDB1	2
Gene::164656	TMPRSS6	2
Gene::166785	MMAA	2
Gene::168620	BHLHA15	2
Gene::169355	IDO2	2
Gene::1735	DIO3	2
Gene::1743	DLST	2
Gene::1745	DLX1	2
Gene::1756	DMD	2
Gene::1759	DNM1	2
Gene::176	ACAN	2
Gene::1794	DOCK2	2
Gene::1806	DPYD	2
Gene::1829	DSG2	2
Gene::1880	GPR183	2
Gene::1891	ECH1	2
Gene::1892	ECHS1	2
Gene::1946	EFNA5	2
Gene::1952	CELSR2	2
Gene::1959	EGR2	2
Gene::1962	EHHADH	2
Gene::197131	UBR1	2
Gene::1973	EIF4A1	2
Gene::197322	ACSF3	2
Gene::1990	CELA1	2
Gene::200186	CRTC2	2
Gene::200315	APOBEC3A	2
Gene::201562	HACD2	2
Gene::203068	TUBB	2
Gene::2038	EPB42	2
Gene::2046	EPHA8	2
Gene::2047	EPHB1	2
Gene::2049	EPHB3	2
Gene::2050	EPHB4	2
Gene::2054	STX2	2
Gene::2072	ERCC4	2
Gene::2116	ETV2	2
Gene::2119	ETV5	2
Gene::212	ALAS2	2
Gene::2167	FABP4	2
Gene::2184	FAH	2
Gene::2191	FAP	2
Gene::2194	FASN	2
Gene::219771	CCNY	2
Gene::22	ABCB7	2
Gene::220	ALDH1A3	2
Gene::2201	FBN2	2
Gene::220441	RNF152	2
Gene::221	ALDH3B1	2
Gene::2219	FCN1	2
Gene::222	ALDH3B2	2
Gene::2220	FCN2	2
Gene::225	ABCD2	2
Gene::2250	FGF5	2
Gene::2258	FGF13	2
Gene::2259	FGF14	2
Gene::2264	FGFR4	2
Gene::22806	IKZF3	2
Gene::22846	VASH1	2
Gene::22848	AAK1	2
Gene::22891	ZNF365	2
Gene::22924	MAPRE3	2
Gene::22926	ATF6	2
Gene::22943	DKK1	2
Gene::22978	NT5C2	2
Gene::23011	RAB21	2
Gene::23025	UNC13A	2
Gene::2304	FOXE1	2
Gene::23043	TNIK	2
Gene::23113	CUL9	2
Gene::23135	KDM6B	2
Gene::2317	FLNB	2
Gene::2318	FLNC	2
Gene::23189	KANK1	2
Gene::23210	JMJD6	2
Gene::2323	FLT3LG	2
Gene::23256	SCFD1	2
Gene::23304	UBR2	2
Gene::23305	ACSL6	2
Gene::23316	CUX2	2
Gene::23322	RPGRIP1L	2
Gene::23463	ICMT	2
Gene::23464	GCAT	2
Gene::23473	CAPN7	2
Gene::23474	ETHE1	2
Gene::23479	ISCU	2
Gene::23544	SEZ6L	2
Gene::23557	SNAPIN	2
Gene::23564	DDAH2	2
Gene::23568	ARL2BP	2
Gene::23607	CD2AP	2
Gene::23613	ZMYND8	2
Gene::23636	NUP62	2
Gene::23650	TRIM29	2
Gene::23677	SH3BP4	2
Gene::23682	RAB38	2
Gene::23768	FLRT2	2
Gene::23769	FLRT1	2
Gene::24137	KIF4A	2
Gene::2444	FRK	2
Gene::245711	SPDYA	2
Gene::2488	FSHB	2
Gene::2512	FTL	2
Gene::2516	NR5A1	2
Gene::254263	CNIH2	2
Gene::2550	GABBR1	2
Gene::2561	GABRB2	2
Gene::2562	GABRB3	2
Gene::257144	GCSAM	2
Gene::2572	GAD2	2
Gene::25769	SLC24A2	2
Gene::25791	NGEF	2
Gene::25816	TNFAIP8	2
Gene::25825	BACE2	2
Gene::259307	IL4I1	2
Gene::25939	SAMHD1	2
Gene::25978	CHMP2B	2
Gene::25989	ULK3	2
Gene::25999	CLIP3	2
Gene::26011	TENM4	2
Gene::26013	L3MBTL1	2
Gene::26037	SIPA1L1	2
Gene::26045	LRRTM2	2
Gene::26047	CNTNAP2	2
Gene::26061	HACL1	2
Gene::26063	DECR2	2
Gene::26090	ABHD12	2
Gene::26119	LDLRAP1	2
Gene::26154	ABCA12	2
Gene::26173	INTS1	2
Gene::262	AMD1	2
Gene::26227	PHGDH	2
Gene::26257	NKX2-8	2
Gene::26259	FBXW8	2
Gene::26275	HIBCH	2
Gene::26287	ANKRD2	2
Gene::2642	GCGR	2
Gene::2653	GCSH	2
Gene::2693	GHSR	2
Gene::2700	GJA3	2
Gene::27013	CNPPD1	2
Gene::2710	GK	2
Gene::27134	TJP3	2
Gene::27165	GLS2	2
Gene::27243	CHMP2A	2
Gene::27250	PDCD4	2
Gene::27253	PCDH17	2
Gene::2731	GLDC	2
Gene::27324	TOX3	2
Gene::2734	GLG1	2
Gene::27344	PCSK1N	2
Gene::2743	GLRB	2
Gene::2746	GLUD1	2
Gene::2747	GLUD2	2
Gene::2771	GNAI2	2
Gene::2775	GNAO1	2
Gene::2811	GP1BA	2
Gene::2817	GPC1	2
Gene::284021	MILR1	2
Gene::285643	KIF4B	2
Gene::286133	SCARA5	2
Gene::2867	FFAR2	2
Gene::2872	MKNK2	2
Gene::2875	GPT	2
Gene::2890	GRIA1	2
Gene::28951	TRIB2	2
Gene::28956	LAMTOR2	2
Gene::2903	GRIN2A	2
Gene::2904	GRIN2B	2
Gene::29082	CHMP4A	2
Gene::29083	GTPBP8	2
Gene::29110	TBK1	2
Gene::2914	GRM4	2
Gene::292	SLC25A5	2
Gene::2965	GTF2H1	2
Gene::2966	GTF2H2	2
Gene::29780	PARVB	2
Gene::29933	GPR132	2
Gene::29940	DSE	2
Gene::29950	SERTAD1	2
Gene::29993	PACSIN1	2
Gene::30009	TBX21	2
Gene::3014	H2AFX	2
Gene::3030	HADHA	2
Gene::3032	HADHB	2
Gene::3033	HADH	2
Gene::3034	HAL	2
Gene::3039	HBA1	2
Gene::3040	HBA2	2
Gene::3067	HDC	2
Gene::3074	HEXB	2
Gene::3081	HGD	2
Gene::30819	KCNIP2	2
Gene::30833	NT5C	2
Gene::30844	EHD4	2
Gene::30846	EHD2	2
Gene::3106	HLA-B	2
Gene::311	ANXA11	2
Gene::3141	HLCS	2
Gene::3163	HMOX2	2
Gene::3192	HNRNPU	2
Gene::3242	HPD	2
Gene::3269	HRH1	2
Gene::3270	HRC	2
Gene::3274	HRH2	2
Gene::3297	HSF1	2
Gene::3303	HSPA1A	2
Gene::3312	HSPA8	2
Gene::3356	HTR2A	2
Gene::338376	IFNE	2
Gene::339345	NANOS2	2
Gene::339403	RXFP4	2
Gene::339829	CCDC39	2
Gene::339977	LRRC66	2
Gene::3441	IFNA4	2
Gene::3442	IFNA5	2
Gene::3443	IFNA6	2
Gene::3444	IFNA7	2
Gene::3445	IFNA8	2
Gene::3446	IFNA10	2
Gene::3447	IFNA13	2
Gene::3448	IFNA14	2
Gene::3449	IFNA16	2
Gene::3451	IFNA17	2
Gene::3452	IFNA21	2
Gene::347731	LRRTM3	2
Gene::353091	RAET1G	2
Gene::3551	IKBKB	2
Gene::357	SHROOM2	2
Gene::362	AQP5	2
Gene::3623	INHA	2
Gene::3633	INPP5B	2
Gene::3658	IREB2	2
Gene::3662	IRF4	2
Gene::3672	ITGA1	2
Gene::3676	ITGA4	2
Gene::369	ARAF	2
Gene::3691	ITGB4	2
Gene::3706	ITPKA	2
Gene::3708	ITPR1	2
Gene::374946	DRAXIN	2
Gene::375346	TMEM110	2
Gene::3758	KCNJ1	2
Gene::3768	KCNJ12	2
Gene::3783	KCNN4	2
Gene::3801	KIFC3	2
Gene::3811	KIR3DL1	2
Gene::3822	KLRC2	2
Gene::3824	KLRD1	2
Gene::3832	KIF11	2
Gene::3836	KPNA1	2
Gene::3840	KPNA4	2
Gene::3852	KRT5	2
Gene::387129	NPSR1	2
Gene::387787	LIPT2	2
Gene::387836	CLEC2A	2
Gene::388591	RNF207	2
Gene::389493	NUPR1L	2
Gene::389541	LAMTOR4	2
Gene::3908	LAMA2	2
Gene::3912	LAMB1	2
Gene::3925	STMN1	2
Gene::3953	LEPR	2
Gene::3972	LHB	2
Gene::3977	LIFR	2
Gene::3978	LIG1	2
Gene::3995	FADS3	2
Gene::4005	LMO2	2
Gene::400746	NCMAP	2
Gene::4017	LOXL2	2
Gene::4060	LUM	2
Gene::4063	LY9	2
Gene::4076	CAPRIN1	2
Gene::4082	MARCKS	2
Gene::4097	MAFG	2
Gene::41	ASIC1	2
Gene::4124	MAN2A1	2
Gene::414062	CCL3L3	2
Gene::4145	MATK	2
Gene::4147	MATN2	2
Gene::4151	MB	2
Gene::4155	MBP	2
Gene::4159	MC3R	2
Gene::4176	MCM7	2
Gene::4199	ME1	2
Gene::4239	MFAP4	2
Gene::4240	MFGE8	2
Gene::4284	MIP	2
Gene::4296	MAP3K11	2
Gene::431705	ASTL	2
Gene::4335	MNT	2
Gene::4352	MPL	2
Gene::4353	MPO	2
Gene::4358	MPV17	2
Gene::4359	MPZ	2
Gene::443	ASPA	2
Gene::4478	MSN	2
Gene::4602	MYB	2
Gene::4628	MYH10	2
Gene::4641	MYO1C	2
Gene::4664	NAB1	2
Gene::4665	NAB2	2
Gene::4670	HNRNPM	2
Gene::4682	NUBP1	2
Gene::473	RERE	2
Gene::4744	NEFH	2
Gene::4774	NFIA	2
Gene::4784	NFIX	2
Gene::4800	NFYA	2
Gene::4811	NID1	2
Gene::4814	NINJ1	2
Gene::486	FXYD2	2
Gene::4864	NPC1	2
Gene::487	ATP2A1	2
Gene::4886	NPY1R	2
Gene::4887	NPY2R	2
Gene::4897	NRCAM	2
Gene::4909	NTF4	2
Gene::4921	DDR2	2
Gene::4938	OAS1	2
Gene::4939	OAS2	2
Gene::4942	OAT	2
Gene::4967	OGDH	2
Gene::4969	OGN	2
Gene::4973	OLR1	2
Gene::4983	OPHN1	2
Gene::4987	OPRL1	2
Gene::4988	OPRM1	2
Gene::4998	ORC1	2
Gene::501	ALDH7A1	2
Gene::5017	OVOL1	2
Gene::5019	OXCT1	2
Gene::5029	P2RY2	2
Gene::5032	P2RY11	2
Gene::5046	PCSK6	2
Gene::5053	PAH	2
Gene::50604	IL20	2
Gene::50616	IL22	2
Gene::5075	PAX1	2
Gene::5095	PCCA	2
Gene::5096	PCCB	2
Gene::51057	WDPCP	2
Gene::51074	APIP	2
Gene::51100	SH3GLB1	2
Gene::51150	SDF4	2
Gene::51162	EGFL7	2
Gene::51166	AADAT	2
Gene::51191	HERC5	2
Gene::5121	PCP4	2
Gene::5122	PCSK1	2
Gene::51237	MZB1	2
Gene::5126	PCSK2	2
Gene::51268	PIPOX	2
Gene::51286	CEND1	2
Gene::51301	GCNT4	2
Gene::51310	SLC22A17	2
Gene::51360	MBTPS2	2
Gene::51366	UBR5	2
Gene::51382	ATP6V1D	2
Gene::51384	WNT16	2
Gene::51449	PCYOX1	2
Gene::51458	RHCG	2
Gene::51510	CHMP5	2
Gene::51526	OSER1	2
Gene::51552	RAB14	2
Gene::51599	LSR	2
Gene::5166	PDK4	2
Gene::5167	ENPP1	2
Gene::5191	PEX7	2
Gene::5194	PEX13	2
Gene::5245	PHB	2
Gene::5253	PHF2	2
Gene::5264	PHYH	2
Gene::5275	SERPINB13	2
Gene::5289	PIK3C3	2
Gene::5339	PLEC	2
Gene::534	ATP6V1G2	2
Gene::5340	PLG	2
Gene::5348	FXYD1	2
Gene::53616	ADAM22	2
Gene::53632	PRKAG3	2
Gene::5365	PLXNB3	2
Gene::53940	FTHL17	2
Gene::54210	TREM1	2
Gene::5424	POLD1	2
Gene::5429	POLH	2
Gene::54386	TERF2IP	2
Gene::54407	SLC38A2	2
Gene::54434	SSH1	2
Gene::54463	FAM134B	2
Gene::5453	POU3F1	2
Gene::5454	POU3F2	2
Gene::5456	POU3F4	2
Gene::54566	EPB41L4B	2
Gene::54587	MXRA8	2
Gene::5460	POU5F1	2
Gene::54677	CROT	2
Gene::54700	RRN3	2
Gene::54734	RAB39A	2
Gene::54751	FBLIM1	2
Gene::54795	TRPM4	2
Gene::5481	PPID	2
Gene::54822	TRPM7	2
Gene::54829	ASPN	2
Gene::54840	APTX	2
Gene::54920	DUS2	2
Gene::54962	TIPIN	2
Gene::54974	THG1L	2
Gene::54978	SLC35F6	2
Gene::55004	LAMTOR1	2
Gene::55036	CCDC40	2
Gene::55074	OXR1	2
Gene::55122	AKIRIN2	2
Gene::5516	PPP2CB	2
Gene::55217	TMLHE	2
Gene::55240	STEAP3	2
Gene::55256	ADI1	2
Gene::55301	OLAH	2
Gene::55333	SYNJ2BP	2
Gene::55359	STYK1	2
Gene::55437	STRADB	2
Gene::55450	CAMK2N1	2
Gene::5547	PRCP	2
Gene::5549	PRELP	2
Gene::55501	CHST12	2
Gene::55553	SOX6	2
Gene::55626	AMBRA1	2
Gene::5564	PRKAB1	2
Gene::55647	RAB20	2
Gene::5565	PRKAB2	2
Gene::55681	SCYL2	2
Gene::5571	PRKAG1	2
Gene::5577	PRKAR2B	2
Gene::55848	PLGRKT	2
Gene::55904	KMT2E	2
Gene::56034	PDGFC	2
Gene::5605	MAP2K2	2
Gene::5611	DNAJC3	2
Gene::56267	CCBL2	2
Gene::56300	IL36G	2
Gene::5641	LGMN	2
Gene::5646	PRSS3	2
Gene::56605	ERO1LB	2
Gene::5664	PSEN2	2
Gene::56647	BCCIP	2
Gene::56729	RETN	2
Gene::56751	BARHL1	2
Gene::56832	IFNK	2
Gene::56833	SLAMF8	2
Gene::56907	SPIRE1	2
Gene::56922	MCCC1	2
Gene::56957	OTUD7B	2
Gene::56978	PRDM8	2
Gene::57018	CCNL1	2
Gene::57085	AGTRAP	2
Gene::57105	CYSLTR2	2
Gene::57132	CHMP1B	2
Gene::57142	RTN4	2
Gene::57144	PAK7	2
Gene::57158	JPH2	2
Gene::57190	SEPN1	2
Gene::57192	MCOLN1	2
Gene::57214	CEMIP	2
Gene::57217	TTC7A	2
Gene::57332	CBX8	2
Gene::57343	ZNF304	2
Gene::57408	LRTM1	2
Gene::5744	PTHLH	2
Gene::57447	NDRG2	2
Gene::57448	BIRC6	2
Gene::57449	PLEKHG5	2
Gene::57496	MKL2	2
Gene::5753	PTK6	2
Gene::57571	CARNS1	2
Gene::57584	ARHGAP21	2
Gene::57620	STIM2	2
Gene::57662	CAMSAP3	2
Gene::57689	LRRC4C	2
Gene::57761	TRIB3	2
Gene::57823	SLAMF7	2
Gene::57864	SLC46A2	2
Gene::5806	PTX3	2
Gene::58191	CXCL16	2
Gene::58472	SQRDL	2
Gene::58478	ENOPH1	2
Gene::58509	CACTIN	2
Gene::58510	PRODH2	2
Gene::5864	RAB3A	2
Gene::5868	RAB5A	2
Gene::587	BCAT2	2
Gene::5883	RAD9A	2
Gene::5889	RAD51C	2
Gene::5890	RAD51B	2
Gene::5911	RAP2A	2
Gene::5913	RAPSN	2
Gene::59277	NTN4	2
Gene::59342	SCPEP1	2
Gene::5947	RBP1	2
Gene::594857	NPS	2
Gene::5950	RBP4	2
Gene::5971	RELB	2
Gene::5987	TRIM27	2
Gene::599	BCL2L2	2
Gene::5991	RFX3	2
Gene::5992	RFX4	2
Gene::6005	RHAG	2
Gene::6009	RHEB	2
Gene::6019	RLN2	2
Gene::60506	NYX	2
Gene::60672	MIIP	2
Gene::6223	RPS19	2
Gene::6237	RRAS	2
Gene::6239	RREB1	2
Gene::6258	RXRG	2
Gene::6272	SORT1	2
Gene::6284	S100A13	2
Gene::6300	MAPK12	2
Gene::6318	SERPINB4	2
Gene::635	BHMT	2
Gene::6357	CCL13	2
Gene::6358	CCL14	2
Gene::6359	CCL15	2
Gene::6360	CCL16	2
Gene::6361	CCL17	2
Gene::6367	CCL22	2
Gene::6368	CCL23	2
Gene::6383	SDC2	2
Gene::6386	SDCBP	2
Gene::63916	ELMO2	2
Gene::63979	FIGNL1	2
Gene::6401	SELE	2
Gene::6402	SELL	2
Gene::6406	SEMG1	2
Gene::6407	SEMG2	2
Gene::64087	MCCC2	2
Gene::64114	TMBIM1	2
Gene::641371	ACOT1	2
Gene::6418	SET	2
Gene::64220	STRA6	2
Gene::6424	SFRP4	2
Gene::64240	ABCG5	2
Gene::64284	RAB17	2
Gene::6447	SCG5	2
Gene::6453	ITSN1	2
Gene::64577	ALDH8A1	2
Gene::646625	URAD	2
Gene::6472	SHMT2	2
Gene::6474	SHOX2	2
Gene::64780	MICAL1	2
Gene::64784	CRTC3	2
Gene::64793	CEP85	2
Gene::64841	GNPNAT1	2
Gene::64859	NABP1	2
Gene::64900	LPIN3	2
Gene::64922	LRRC19	2
Gene::65009	NDRG4	2
Gene::6504	SLAMF1	2
Gene::6506	SLC1A2	2
Gene::65078	RTN4R	2
Gene::65123	INTS3	2
Gene::65268	WNK2	2
Gene::6543	SLC8A2	2
Gene::6586	SLIT3	2
Gene::6609	SMPD1	2
Gene::6615	SNAI1	2
Gene::6649	SOD3	2
Gene::671	BPI	2
Gene::6712	SPTBN2	2
Gene::6750	SST	2
Gene::6751	SSTR1	2
Gene::6755	SSTR5	2
Gene::6779	STATH	2
Gene::6785	ELOVL4	2
Gene::6792	CDKL5	2
Gene::6793	STK10	2
Gene::6813	STXBP2	2
Gene::683	BST1	2
Gene::6846	XCL2	2
Gene::6870	TACR3	2
Gene::6880	TAF9	2
Gene::6890	TAP1	2
Gene::6939	TCF15	2
Gene::6950	TCP1	2
Gene::6999	TDO2	2
Gene::70	ACTC1	2
Gene::7005	TEAD3	2
Gene::7016	TESK1	2
Gene::7031	TFF1	2
Gene::7032	TFF2	2
Gene::7066	THPO	2
Gene::7076	TIMP1	2
Gene::7077	TIMP2	2
Gene::7096	TLR1	2
Gene::7100	TLR5	2
Gene::7123	CLEC3B	2
Gene::7133	TNFRSF1B	2
Gene::7145	TNS1	2
Gene::7158	TP53BP1	2
Gene::7223	TRPC4	2
Gene::7251	TSG101	2
Gene::7263	TST	2
Gene::7275	TUB	2
Gene::728294	D2HGDH	2
Gene::7287	TULP1	2
Gene::7293	TNFRSF4	2
Gene::7297	TYK2	2
Gene::7320	UBE2B	2
Gene::7332	UBE2L3	2
Gene::7345	UCHL1	2
Gene::7378	UPP1	2
Gene::7402	UTRN	2
Gene::7416	VDAC1	2
Gene::7431	VIM	2
Gene::745	MYRF	2
Gene::7454	WAS	2
Gene::7528	YY1	2
Gene::7545	ZIC1	2
Gene::7547	ZIC3	2
Gene::7704	ZBTB16	2
Gene::775	CACNA1C	2
Gene::783	CACNB2	2
Gene::785	CACNB4	2
Gene::7879	RAB7A	2
Gene::78991	PCYOX1L	2
Gene::79006	METRN	2
Gene::79035	NABP2	2
Gene::79054	TRPM8	2
Gene::79077	DCTPP1	2
Gene::79155	TNIP2	2
Gene::79184	BRCC3	2
Gene::7923	HSD17B8	2
Gene::79465	ULBP3	2
Gene::7957	EPM2A	2
Gene::79628	SH3TC2	2
Gene::79644	SRD5A3	2
Gene::79706	PRKRIP1	2
Gene::79810	PTCD2	2
Gene::79840	NHEJ1	2
Gene::79864	C11orf63	2
Gene::79866	BORA	2
Gene::79883	PODNL1	2
Gene::79884	MAP9	2
Gene::79885	HDAC11	2
Gene::79888	LPCAT1	2
Gene::79913	ACTR5	2
Gene::79966	SCD5	2
Gene::79993	ELOVL7	2
Gene::8001	GLRA3	2
Gene::80144	FRAS1	2
Gene::80150	ASRGL1	2
Gene::80237	ELL3	2
Gene::80328	ULBP2	2
Gene::80329	ULBP1	2
Gene::80331	DNAJC5	2
Gene::80851	SH3BP5L	2
Gene::81035	COLEC12	2
Gene::8131	NPRL3	2
Gene::81494	CFHR5	2
Gene::81502	HM13	2
Gene::81616	ACSBG2	2
Gene::81669	CCNL2	2
Gene::81671	VMP1	2
Gene::81857	MED25	2
Gene::8204	NRIP1	2
Gene::8320	EOMES	2
Gene::83539	CHST9	2
Gene::8372	HYAL3	2
Gene::83741	TFAP2D	2
Gene::83933	HDAC10	2
Gene::8398	PLA2G6	2
Gene::83987	CCDC8	2
Gene::84072	HORMAD1	2
Gene::84079	ANKRD27	2
Gene::84105	PCBD2	2
Gene::8412	BCAR3	2
Gene::84159	ARID5B	2
Gene::84181	CHD6	2
Gene::84206	MEX3B	2
Gene::8424	BBOX1	2
Gene::84245	MRI1	2
Gene::84286	TMEM175	2
Gene::84335	AKT1S1	2
Gene::84445	LZTS2	2
Gene::84501	SPIRE2	2
Gene::84504	NKX6-2	2
Gene::8456	FOXN1	2
Gene::84618	NT5C1A	2
Gene::84623	KIRREL3	2
Gene::84649	DGAT2	2
Gene::84676	TRIM63	2
Gene::84693	MCEE	2
Gene::84699	CREB3L3	2
Gene::84706	GPT2	2
Gene::84766	CRACR2A	2
Gene::84876	ORAI1	2
Gene::85409	NKD2	2
Gene::85417	CCNB3	2
Gene::8547	FCN3	2
Gene::85477	SCIN	2
Gene::8549	LGR5	2
Gene::8560	DEGS1	2
Gene::8564	KMO	2
Gene::8569	MKNK1	2
Gene::8573	CASK	2
Gene::8578	SCARF1	2
Gene::860	RUNX2	2
Gene::8600	TNFSF11	2
Gene::8601	RGS20	2
Gene::8621	CDK13	2
Gene::8649	LAMTOR3	2
Gene::8694	DGAT1	2
Gene::8711	TNK1	2
Gene::8724	SNX3	2
Gene::8807	IL18RAP	2
Gene::8812	CCNK	2
Gene::8836	GGH	2
Gene::8864	PER2	2
Gene::8867	SYNJ1	2
Gene::8876	VNN1	2
Gene::8879	SGPL1	2
Gene::889	KRIT1	2
Gene::892	CCNC	2
Gene::894	CCND2	2
Gene::8943	AP3D1	2
Gene::896	CCND3	2
Gene::89874	SLC25A21	2
Gene::900	CCNG1	2
Gene::9001	HAP1	2
Gene::9002	F2RL3	2
Gene::902	CCNH	2
Gene::904	CCNT1	2
Gene::90427	BMF	2
Gene::905	CCNT2	2
Gene::90627	STARD13	2
Gene::9074	CLDN6	2
Gene::9092	SART1	2
Gene::9094	UNC119	2
Gene::9097	USP14	2
Gene::91	ACVR1B	2
Gene::9101	USP8	2
Gene::9127	P2RX6	2
Gene::91543	RSAD2	2
Gene::9159	PCSK7	2
Gene::9191	DEDD	2
Gene::92002	FAM58A	2
Gene::92126	DSEL	2
Gene::92196	DAPL1	2
Gene::92304	SCGB3A1	2
Gene::92675	DTD1	2
Gene::92815	HIST3H2A	2
Gene::9289	ADGRG1	2
Gene::9294	S1PR2	2
Gene::93034	NT5C1B	2
Gene::93099	DMKN	2
Gene::9369	NRXN3	2
Gene::9394	HS6ST1	2
Gene::93974	ATPIF1	2
Gene::93986	FOXP2	2
Gene::94030	LRRC4B	2
Gene::94032	CAMK2N2	2
Gene::94033	FTMT	2
Gene::9429	ABCG2	2
Gene::943	TNFRSF8	2
Gene::9464	HAND2	2
Gene::9467	SH3BP5	2
Gene::9469	CHST3	2
Gene::9474	ATG5	2
Gene::9476	NAPSA	2
Gene::9493	KIF23	2
Gene::9518	GDF15	2
Gene::9524	TECR	2
Gene::9529	BAG5	2
Gene::9531	BAG3	2
Gene::9535	GMFG	2
Gene::9550	ATP6V1G1	2
Gene::9575	CLOCK	2
Gene::9607	CARTPT	2
Gene::9615	GDA	2
Gene::9625	AATK	2
Gene::9663	LPIN2	2
Gene::9681	DEPDC5	2
Gene::9718	ECE2	2
Gene::9748	SLK	2
Gene::977	CD151	2
Gene::9784	SNX17	2
Gene::9843	HEPH	2
Gene::9897	KIAA0196	2
Gene::9935	MAFB	2
Gene::994	CDC25B	2
