gene	hetionet_gene_id	in_seed	seed_edge_types	n_pathways	n_bp
VHL	Gene::7428	True	DaG	9	22
PBRM1	Gene::55193	True	DaG	2	17
SETD2	Gene::29072	True	DaG	2	92
BAP1	Gene::8314	True	DaG,DdG	0	46
KDM5C	Gene::8242	True	DaG	2	13
MTOR	Gene::2475	True	DaG	86	429
PTEN	Gene::5728	True	DaG	59	440
TP53	Gene::7157	True	DaG	70	442
PIK3CA	Gene::5290	True	DaG	156	184
TSC1	Gene::7248	True	DaG	21	201
TSC2	Gene::7249	True	DaG	54	134
HIF1A	Gene::3091	True	DaG	23	498
EPAS1	Gene::2034	True	DaG	9	79
VEGFA	Gene::7422	True	DaG	47	405
CA9	Gene::768	True	DaG	6	23
FLT1	Gene::2321	True	DaG	13	88
KDR	Gene::3791	True	DaG	24	211
