hetionet_gene_id	entrez_id	hetionet_name	current_hgnc_symbol	reason
Gene::100049579	100049579	OCTN3		entrez_not_in_current_hgnc
Gene::100101629	100101629	GAGE8	GAGE8	no_kirc_feature_for_this_gene
Gene::100127889	100127889	C10orf131		entrez_not_in_current_hgnc
Gene::100127971	100127971	LOC100127971		entrez_not_in_current_hgnc
Gene::100127991	100127991	LOC100127991		entrez_not_in_current_hgnc
Gene::100128001	100128001	LOC100128001		entrez_not_in_current_hgnc
Gene::100128088	100128088	LOC100128088		entrez_not_in_current_hgnc
Gene::100128107	100128107	LOC100128107		entrez_not_in_current_hgnc
Gene::100128124	100128124	HGC6.3		entrez_not_in_current_hgnc
Gene::100128160	100128160	LOC100128160		entrez_not_in_current_hgnc
Gene::100128170	100128170	LOC100128170		entrez_not_in_current_hgnc
Gene::100128184	100128184	LOC100128184		entrez_not_in_current_hgnc
Gene::100128198	100128198	LOC100128198		entrez_not_in_current_hgnc
Gene::100128265	100128265	LOC100128265		entrez_not_in_current_hgnc
Gene::100128274	100128274	LOC100128274		entrez_not_in_current_hgnc
Gene::100128320	100128320	LOC100128320		entrez_not_in_current_hgnc
Gene::100128348	100128348	LOC100128348		entrez_not_in_current_hgnc
Gene::100128402	100128402	LOC100128402		entrez_not_in_current_hgnc
Gene::100128429	100128429	LOC100128429		entrez_not_in_current_hgnc
Gene::100128430	100128430	LOC100128430		entrez_not_in_current_hgnc
Gene::100128437	100128437	LOC100128437		entrez_not_in_current_hgnc
Gene::100128498	100128498	LOC100128498		entrez_not_in_current_hgnc
Gene::100128517	100128517	LOC100128517		entrez_not_in_current_hgnc
Gene::100128529	100128529	LOC100128529		entrez_not_in_current_hgnc
Gene::100128551	100128551	LOC100128551		entrez_not_in_current_hgnc
Gene::100128571	100128571	LOC100128571		entrez_not_in_current_hgnc
Gene::100128591	100128591	LOC100128591		entrez_not_in_current_hgnc
Gene::100128651	100128651	LOC100128651		entrez_not_in_current_hgnc
Gene::100128668	100128668	LOC100128668		entrez_not_in_current_hgnc
Gene::100128691	100128691	LOC100128691		entrez_not_in_current_hgnc
Gene::100128697	100128697	LOC100128697		entrez_not_in_current_hgnc
Gene::100128795	100128795	LOC100128795		entrez_not_in_current_hgnc
Gene::100128824	100128824	LOC100128824		entrez_not_in_current_hgnc
Gene::100128851	100128851	LOC100128851		entrez_not_in_current_hgnc
Gene::100128950	100128950	LOC100128950		entrez_not_in_current_hgnc
Gene::100129042	100129042	LOC100129042		entrez_not_in_current_hgnc
Gene::100129069	100129069	LOC100129069		entrez_not_in_current_hgnc
Gene::100129098	100129098	LOC100129098		entrez_not_in_current_hgnc
Gene::100129112	100129112	LOC100129112		entrez_not_in_current_hgnc
Gene::100129115	100129115	LOC100129115		entrez_not_in_current_hgnc
Gene::100129125	100129125	LOC100129125		entrez_not_in_current_hgnc
Gene::100129126	100129126	LOC100129126		entrez_not_in_current_hgnc
Gene::100129171	100129171	LOC100129171		entrez_not_in_current_hgnc
Gene::100129240	100129240	LOC100129240		entrez_not_in_current_hgnc
Gene::100129275	100129275	LOC100129275		entrez_not_in_current_hgnc
Gene::100129280	100129280	LOC100129280		entrez_not_in_current_hgnc
Gene::100129307	100129307	LOC100129307		entrez_not_in_current_hgnc
Gene::100129311	100129311	LOC100129311		entrez_not_in_current_hgnc
Gene::100129322	100129322	LOC100129322		entrez_not_in_current_hgnc
Gene::100129324	100129324	LOC100129324		entrez_not_in_current_hgnc
Gene::100129363	100129363	LOC100129363		entrez_not_in_current_hgnc
Gene::100129380	100129380	LOC100129380		entrez_not_in_current_hgnc
Gene::100129393	100129393	LOC100129393		entrez_not_in_current_hgnc
Gene::100129397	100129397	LOC100129397		entrez_not_in_current_hgnc
Gene::100129399	100129399	LOC100129399		entrez_not_in_current_hgnc
Gene::100129406	100129406	LOC100129406		entrez_not_in_current_hgnc
Gene::100129408	100129408	LOC100129408		entrez_not_in_current_hgnc
Gene::100129447	100129447	LOC100129447		entrez_not_in_current_hgnc
Gene::100129528	100129528	MUC8	MUC8	no_kirc_feature_for_this_gene
Gene::100129572	100129572	LOC100129572		entrez_not_in_current_hgnc
Gene::100129697	100129697	LOC100129697		entrez_not_in_current_hgnc
Gene::100129721	100129721	LOC100129721		entrez_not_in_current_hgnc
Gene::100129763	100129763	LOC100129763		entrez_not_in_current_hgnc
Gene::100129775	100129775	LOC100129775		entrez_not_in_current_hgnc
Gene::100129785	100129785	LOC100129785		entrez_not_in_current_hgnc
Gene::100129840	100129840	LOC100129840		entrez_not_in_current_hgnc
Gene::100129846	100129846	LOC100129846		entrez_not_in_current_hgnc
Gene::100129852	100129852	LOC100129852		entrez_not_in_current_hgnc
Gene::100129884	100129884	LOC100129884		entrez_not_in_current_hgnc
Gene::100129974	100129974	LOC100129974		entrez_not_in_current_hgnc
Gene::100130051	100130051	LOC100130051		entrez_not_in_current_hgnc
Gene::100130057	100130057	LOC100130057		entrez_not_in_current_hgnc
Gene::100130078	100130078	LOC100130078		entrez_not_in_current_hgnc
Gene::100130101	100130101	LOC100130101		entrez_not_in_current_hgnc
Gene::100130175	100130175	LOC100130175		entrez_not_in_current_hgnc
Gene::100130276	100130276	LOC100130276		entrez_not_in_current_hgnc
Gene::100130278	100130278	LOC100130278		entrez_not_in_current_hgnc
Gene::100130314	100130314	LOC100130314		entrez_not_in_current_hgnc
Gene::100130357	100130357	LOC100130357		entrez_not_in_current_hgnc
Gene::100130372	100130372	LOC100130372		entrez_not_in_current_hgnc
Gene::100130433	100130433	LOC100130433		entrez_not_in_current_hgnc
Gene::100130436	100130436	LOC100130436		entrez_not_in_current_hgnc
Gene::100130442	100130442	LOC100130442		entrez_not_in_current_hgnc
Gene::100130463	100130463	LOC100130463		entrez_not_in_current_hgnc
Gene::100130540	100130540	LOC100130540		entrez_not_in_current_hgnc
Gene::100130542	100130542	LOC100130542		entrez_not_in_current_hgnc
Gene::100130560	100130560	LOC100130560		entrez_not_in_current_hgnc
Gene::100130573	100130573	LOC100130573		entrez_not_in_current_hgnc
Gene::100130597	100130597	LOC100130597		entrez_not_in_current_hgnc
Gene::100130654	100130654	LOC100130654		entrez_not_in_current_hgnc
Gene::100130657	100130657	LOC100130657		entrez_not_in_current_hgnc
Gene::100130741	100130741	LOC100130741		entrez_not_in_current_hgnc
Gene::100130761	100130761	LOC100130761		entrez_not_in_current_hgnc
Gene::100130778	100130778	LOC100130778		entrez_not_in_current_hgnc
Gene::100130817	100130817	LOC100130817		entrez_not_in_current_hgnc
Gene::100130857	100130857	LOC100130857		entrez_not_in_current_hgnc
Gene::100130865	100130865	LOC100130865		entrez_not_in_current_hgnc
Gene::100130920	100130920	LOC100130920		entrez_not_in_current_hgnc
Gene::100130927	100130927	LOC100130927		entrez_not_in_current_hgnc
Gene::100130976	100130976	LOC100130976		entrez_not_in_current_hgnc
Gene::100131000	100131000	LOC100131000		entrez_not_in_current_hgnc
Gene::100131004	100131004	LOC100131004		entrez_not_in_current_hgnc
Gene::100131032	100131032	LOC100131032		entrez_not_in_current_hgnc
Gene::100131034	100131034	LOC100131034		entrez_not_in_current_hgnc
Gene::100131099	100131099	LOC100131099		entrez_not_in_current_hgnc
Gene::100131101	100131101	LOC100131101		entrez_not_in_current_hgnc
Gene::100131107	100131107	LOC100131107		entrez_not_in_current_hgnc
Gene::100131129	100131129	LOC100131129		entrez_not_in_current_hgnc
Gene::100131150	100131150	LOC100131150		entrez_not_in_current_hgnc
Gene::100131170	100131170	LOC100131170		entrez_not_in_current_hgnc
Gene::100131190	100131190	LOC100131190		entrez_not_in_current_hgnc
Gene::100131195	100131195	LOC100131195		entrez_not_in_current_hgnc
Gene::100131242	100131242	LOC100131242		entrez_not_in_current_hgnc
Gene::100131310	100131310	LOC100131310		entrez_not_in_current_hgnc
Gene::100131355	100131355	LOC100131355		entrez_not_in_current_hgnc
Gene::100131581	100131581	LOC100131581		entrez_not_in_current_hgnc
Gene::100131599	100131599	LOC100131599		entrez_not_in_current_hgnc
Gene::100131654	100131654	LOC100131654		entrez_not_in_current_hgnc
Gene::100131719	100131719	LOC100131719		entrez_not_in_current_hgnc
Gene::100131820	100131820	LOC100131820		entrez_not_in_current_hgnc
Gene::100131821	100131821	LOC100131821		entrez_not_in_current_hgnc
Gene::100131822	100131822	LOC100131822		entrez_not_in_current_hgnc
Gene::100131829	100131829	LOC100131829		entrez_not_in_current_hgnc
Gene::100131840	100131840	LOC100131840		entrez_not_in_current_hgnc
Gene::100131860	100131860	LOC100131860		entrez_not_in_current_hgnc
Gene::100131864	100131864	LOC100131864		entrez_not_in_current_hgnc
Gene::100131878	100131878	LOC100131878		entrez_not_in_current_hgnc
Gene::100131894	100131894	LOC100131894		entrez_not_in_current_hgnc
Gene::100131907	100131907	LOC100131907		entrez_not_in_current_hgnc
Gene::100132004	100132004	LOC100132004		entrez_not_in_current_hgnc
Gene::100132006	100132006	LOC100132006		entrez_not_in_current_hgnc
Gene::100132025	100132025	LOC100132025		entrez_not_in_current_hgnc
Gene::100132069	100132069	LOC100132069		entrez_not_in_current_hgnc
Gene::100132071	100132071	LOC100132071		entrez_not_in_current_hgnc
Gene::100132197	100132197	LOC100132197		entrez_not_in_current_hgnc
Gene::100132257	100132257	LOC100132257		entrez_not_in_current_hgnc
Gene::100132285	100132285	KIR2DS2	KIR2DS2	no_kirc_feature_for_this_gene
Gene::100132363	100132363	LOC100132363		entrez_not_in_current_hgnc
Gene::100132365	100132365	LOC100132365		entrez_not_in_current_hgnc
Gene::100132418	100132418	LOC100132418		entrez_not_in_current_hgnc
Gene::100132439	100132439	FAM27E4		entrez_not_in_current_hgnc
Gene::100132474	100132474	LOC100132474		entrez_not_in_current_hgnc
Gene::100132495	100132495	LOC100132495		entrez_not_in_current_hgnc
Gene::100132731	100132731	LOC100132731		entrez_not_in_current_hgnc
Gene::100132800	100132800	LOC100132800		entrez_not_in_current_hgnc
Gene::100132874	100132874	LOC100132874		entrez_not_in_current_hgnc
Gene::100133130	100133130	LOC100133130		entrez_not_in_current_hgnc
Gene::100133145	100133145	LOC100133145		entrez_not_in_current_hgnc
Gene::100133301	100133301	FAM231B		entrez_not_in_current_hgnc
Gene::100133790	100133790	MUC3		entrez_not_in_current_hgnc
Gene::100134240	100134240	LOC100134240		entrez_not_in_current_hgnc
Gene::100134301	100134301	LOC100134301		entrez_not_in_current_hgnc
Gene::100134391	100134391	LOC100134391		entrez_not_in_current_hgnc
Gene::100144878	100144878	LRRC53		merged_into_linked_node:Gene::105378803
Gene::100187907	100187907	TRAP		entrez_not_in_current_hgnc
Gene::100192455	100192455	FASA		entrez_not_in_current_hgnc
Gene::100287036	100287036	LOC100287036		entrez_not_in_current_hgnc
Gene::100287290	100287290	LOC100287290		entrez_not_in_current_hgnc
Gene::100287294	100287294	LOC100287294		entrez_not_in_current_hgnc
Gene::100287387	100287387	LOC100287387		entrez_not_in_current_hgnc
Gene::100287477	100287477	LOC100287477		entrez_not_in_current_hgnc
Gene::100287823	100287823	LOC100287823		entrez_not_in_current_hgnc
Gene::100287979	100287979	TTTY13C		entrez_not_in_current_hgnc
Gene::100288315	100288315	LOC100288315		entrez_not_in_current_hgnc
Gene::100288336	100288336	LOC100288336		entrez_not_in_current_hgnc
Gene::100288465	100288465	FAM197Y10		entrez_not_in_current_hgnc
Gene::100288524	100288524	WI2-2373I1.2	FOXL3-OT1	no_kirc_feature_for_this_gene
Gene::100288562	100288562	LOC100288562		entrez_not_in_current_hgnc
Gene::100288675	100288675	LOC100288675		entrez_not_in_current_hgnc
Gene::100288908	100288908	LOC100288908		entrez_not_in_current_hgnc
Gene::100288966	100288966	LOC100288966		entrez_not_in_current_hgnc
Gene::100289009	100289009	LOC100289009		entrez_not_in_current_hgnc
Gene::100289058	100289058	LOC100289058		entrez_not_in_current_hgnc
Gene::100289151	100289151	DCLRE1CP1		merged_into_linked_node:Gene::105376432
Gene::100289265	100289265	FAM197Y1		entrez_not_in_current_hgnc
Gene::100289269	100289269	LOC100289269		entrez_not_in_current_hgnc
Gene::100289561	100289561	LOC100289561		entrez_not_in_current_hgnc
Gene::100291323	100291323	LOC100291323		entrez_not_in_current_hgnc
Gene::100293534	100293534	C4B_2	C4B_2	no_kirc_feature_for_this_gene
Gene::100293704	100293704	LOC100293704		entrez_not_in_current_hgnc
Gene::100294341	100294341	LOC100294341		entrez_not_in_current_hgnc
Gene::100294391	100294391	LOC100294391		entrez_not_in_current_hgnc
Gene::100302652	100302652	GPR75-ASB3	GPR75-ASB3	no_kirc_feature_for_this_gene
Gene::100505502	100505502	LOC100505502		entrez_not_in_current_hgnc
Gene::100505555	100505555	LOC100505555		entrez_not_in_current_hgnc
Gene::100506217	100506217	LOC100506217		entrez_not_in_current_hgnc
Gene::100506242	100506242	LOC100506242		entrez_not_in_current_hgnc
Gene::100506514	100506514	LOC100506514		entrez_not_in_current_hgnc
Gene::100506562	100506562	LOC100506562		entrez_not_in_current_hgnc
Gene::100506627	100506627	DCDC5		entrez_not_in_current_hgnc
Gene::100506650	100506650	C17orf112		entrez_not_in_current_hgnc
Gene::100506667	100506667	LOC100506667		entrez_not_in_current_hgnc
Gene::100506718	100506718	LOC100506718		entrez_not_in_current_hgnc
Gene::100506944	100506944	LOC100506944		entrez_not_in_current_hgnc
Gene::100507221	100507221	LOC100507221		entrez_not_in_current_hgnc
Gene::100507483	100507483	LOC100507483		entrez_not_in_current_hgnc
Gene::100507494	100507494	LOC100507494		entrez_not_in_current_hgnc
Gene::100507703	100507703	LOC100507703		entrez_not_in_current_hgnc
Gene::100508689	100508689	LOC100508689		entrez_not_in_current_hgnc
Gene::100509072	100509072	LOC100509072		entrez_not_in_current_hgnc
Gene::100509091	100509091	LOC100509091		entrez_not_in_current_hgnc
Gene::100526832	100526832	PHOSPHO2-KLHL23		entrez_not_in_current_hgnc
Gene::100529141	100529141	LGTN	LGTN	no_kirc_feature_for_this_gene
Gene::100532727	100532727	DDX11L12		entrez_not_in_current_hgnc
Gene::100533183	100533183	ZNF664-FAM101A		entrez_not_in_current_hgnc
Gene::100533997	100533997	MAGEA10-MAGEA5		entrez_not_in_current_hgnc
Gene::100534012	100534012	TNFAIP8L2-SCNM1		entrez_not_in_current_hgnc
Gene::100652758	100652758	LOC100652758		entrez_not_in_current_hgnc
Gene::100652775	100652775	HP11026		entrez_not_in_current_hgnc
Gene::100652807	100652807	LOC100652807		entrez_not_in_current_hgnc
Gene::100652833	100652833	LOC100652833		entrez_not_in_current_hgnc
Gene::100652871	100652871	LOC100652871		entrez_not_in_current_hgnc
Gene::100652894	100652894	LOC100652894		entrez_not_in_current_hgnc
Gene::100652901	100652901	LOC100652901		entrez_not_in_current_hgnc
Gene::100653049	100653049	LOC100653049		entrez_not_in_current_hgnc
Gene::100653061	100653061	LOC100653061		entrez_not_in_current_hgnc
Gene::100861437	100861437	NARR		entrez_not_in_current_hgnc
Gene::100862847	100862847	USP17L		entrez_not_in_current_hgnc
Gene::100887824	100887824	DDX11L11	DDX11L11	no_kirc_feature_for_this_gene
Gene::100913187	100913187	APOBEC3A_B	APOBEC3A_B	no_kirc_feature_for_this_gene
Gene::100996273	100996273	LOC100996273		entrez_not_in_current_hgnc
Gene::100996274	100996274	LOC100996274		entrez_not_in_current_hgnc
Gene::100996318	100996318	LOC100996318		entrez_not_in_current_hgnc
Gene::100996337	100996337	LOC100996337		entrez_not_in_current_hgnc
Gene::100996365	100996365	LOC100996365		entrez_not_in_current_hgnc
Gene::100996379	100996379	LOC100996379		entrez_not_in_current_hgnc
Gene::100996401	100996401	LOC100996401		entrez_not_in_current_hgnc
Gene::100996413	100996413	LOC100996413		entrez_not_in_current_hgnc
Gene::100996414	100996414	LOC100996414		entrez_not_in_current_hgnc
Gene::100996420	100996420	DNM1P50		merged_into_linked_node:Gene::101927579
Gene::100996461	100996461	LOC100996461		entrez_not_in_current_hgnc
Gene::100996556	100996556	CA15P3	CA15P3	no_kirc_feature_for_this_gene
Gene::100996573	100996573	LOC100996573		entrez_not_in_current_hgnc
Gene::100996574	100996574	LOC100996574		entrez_not_in_current_hgnc
Gene::100996598	100996598	LOC100996598		entrez_not_in_current_hgnc
Gene::100996634	100996634	LOC100996634		entrez_not_in_current_hgnc
Gene::100996637	100996637	LOC100996637		entrez_not_in_current_hgnc
Gene::100996643	100996643	LOC100996643		entrez_not_in_current_hgnc
Gene::100996664	100996664	LOC100996664		entrez_not_in_current_hgnc
Gene::100996701	100996701	LOC100996701		entrez_not_in_current_hgnc
Gene::100996709	100996709	LOC100996709		entrez_not_in_current_hgnc
Gene::100996713	100996713	LOC100996713		entrez_not_in_current_hgnc
Gene::100996720	100996720	LOC100996720		entrez_not_in_current_hgnc
Gene::100996721	100996721	LOC100996721		entrez_not_in_current_hgnc
Gene::100996747	100996747	LOC100996747		entrez_not_in_current_hgnc
Gene::100996750	100996750	LOC100996750		entrez_not_in_current_hgnc
Gene::100996761	100996761	LOC100996761		entrez_not_in_current_hgnc
Gene::100996792	100996792	LOC100996792		entrez_not_in_current_hgnc
Gene::100996813	100996813	LOC100996813		entrez_not_in_current_hgnc
Gene::101059906	101059906	LOC101059906		entrez_not_in_current_hgnc
Gene::101059935	101059935	LOC101059935		entrez_not_in_current_hgnc
Gene::101060017	101060017	LOC101060017		entrez_not_in_current_hgnc
Gene::101060022	101060022	LOC101060022		entrez_not_in_current_hgnc
Gene::101060024	101060024	LOC101060024		entrez_not_in_current_hgnc
Gene::101060026	101060026	LOC101060026		entrez_not_in_current_hgnc
Gene::101060179	101060179	LOC101060179		entrez_not_in_current_hgnc
Gene::101060181	101060181	LOC101060181		entrez_not_in_current_hgnc
Gene::101060256	101060256	LOC101060256		entrez_not_in_current_hgnc
Gene::101060275	101060275	LOC101060275		entrez_not_in_current_hgnc
Gene::101060328	101060328	LOC101060328		entrez_not_in_current_hgnc
Gene::101060341	101060341	LOC101060341		entrez_not_in_current_hgnc
Gene::101060386	101060386	LOC101060386		entrez_not_in_current_hgnc
Gene::101060399	101060399	LOC101060399		entrez_not_in_current_hgnc
Gene::101060400	101060400	LOC101060400		entrez_not_in_current_hgnc
Gene::101060405	101060405	LOC101060405		entrez_not_in_current_hgnc
Gene::101060442	101060442	LOC101060442		entrez_not_in_current_hgnc
Gene::101060443	101060443	LOC101060443		entrez_not_in_current_hgnc
Gene::101060445	101060445	LOC101060445		entrez_not_in_current_hgnc
Gene::101060458	101060458	LOC101060458		entrez_not_in_current_hgnc
Gene::101060521	101060521	LOC101060521		entrez_not_in_current_hgnc
Gene::101060569	101060569	LOC101060569		entrez_not_in_current_hgnc
Gene::101060580	101060580	LOC101060580		entrez_not_in_current_hgnc
Gene::101060581	101060581	LOC101060581		entrez_not_in_current_hgnc
Gene::101060588	101060588	LOC101060588		entrez_not_in_current_hgnc
Gene::101060596	101060596	LOC101060596		entrez_not_in_current_hgnc
Gene::101060604	101060604	LOC101060604		entrez_not_in_current_hgnc
Gene::101060689	101060689	LOC101060689		entrez_not_in_current_hgnc
Gene::101060696	101060696	LOC101060696		entrez_not_in_current_hgnc
Gene::101060825	101060825	LOC101060825		entrez_not_in_current_hgnc
Gene::101243544	101243544	ERCC6-PGBD3		entrez_not_in_current_hgnc
Gene::101362076	101362076	GVQW1		entrez_not_in_current_hgnc
Gene::101926982	101926982	LOC101926982		entrez_not_in_current_hgnc
Gene::101927016	101927016	LOC101927016		entrez_not_in_current_hgnc
Gene::101927029	101927029	LOC101927029		entrez_not_in_current_hgnc
Gene::101927147	101927147	LOC101927147		entrez_not_in_current_hgnc
Gene::101927160	101927160	LOC101927160		entrez_not_in_current_hgnc
Gene::101927216	101927216	LOC101927216		entrez_not_in_current_hgnc
Gene::101927245	101927245	LOC101927245		entrez_not_in_current_hgnc
Gene::101927250	101927250	LOC101927250		entrez_not_in_current_hgnc
Gene::101927254	101927254	LOC101927254		entrez_not_in_current_hgnc
Gene::101927260	101927260	LOC101927260		entrez_not_in_current_hgnc
Gene::101927262	101927262	LOC101927262		entrez_not_in_current_hgnc
Gene::101927345	101927345	LOC101927345		entrez_not_in_current_hgnc
Gene::101927353	101927353	LOC101927353		entrez_not_in_current_hgnc
Gene::101927375	101927375	LOC101927375		entrez_not_in_current_hgnc
Gene::101927376	101927376	LOC101927376		entrez_not_in_current_hgnc
Gene::101927401	101927401	LOC101927401		entrez_not_in_current_hgnc
Gene::101927403	101927403	LOC101927403		entrez_not_in_current_hgnc
Gene::101927435	101927435	LOC101927435		entrez_not_in_current_hgnc
Gene::101927469	101927469	LOC101927469		entrez_not_in_current_hgnc
Gene::101927506	101927506	LOC101927506		entrez_not_in_current_hgnc
Gene::101927509	101927509	LOC101927509	HDLBP-AS1	no_kirc_feature_for_this_gene
Gene::101927562	101927562	LOC101927562		entrez_not_in_current_hgnc
Gene::101927572	101927572	LOC101927572		entrez_not_in_current_hgnc
Gene::101927601	101927601	GOLGA6L19	GOLGA6L19	no_kirc_feature_for_this_gene
Gene::101927628	101927628	LOC101927628		entrez_not_in_current_hgnc
Gene::101927655	101927655	ZASP		entrez_not_in_current_hgnc
Gene::101927681	101927681	LOC101927681		entrez_not_in_current_hgnc
Gene::101927764	101927764	LOC101927764		entrez_not_in_current_hgnc
Gene::101927767	101927767	LOC101927767		entrez_not_in_current_hgnc
Gene::101927853	101927853	LOC101927853		entrez_not_in_current_hgnc
Gene::101927855	101927855	LOC101927855		entrez_not_in_current_hgnc
Gene::101927955	101927955	LOC101927955		entrez_not_in_current_hgnc
Gene::101927998	101927998	LOC101927998		entrez_not_in_current_hgnc
Gene::101928039	101928039	LOC101928039		entrez_not_in_current_hgnc
Gene::101928093	101928093	LOC101928093		entrez_not_in_current_hgnc
Gene::101928193	101928193	LOC101928193		entrez_not_in_current_hgnc
Gene::101928195	101928195	LOC101928195		entrez_not_in_current_hgnc
Gene::101928208	101928208	LOC101928208		entrez_not_in_current_hgnc
Gene::101928268	101928268	LOC101928268		entrez_not_in_current_hgnc
Gene::101928291	101928291	LOC101928291		entrez_not_in_current_hgnc
Gene::101928318	101928318	LOC101928318		entrez_not_in_current_hgnc
Gene::101928343	101928343	LOC101928343		entrez_not_in_current_hgnc
Gene::101928344	101928344	LOC101928344		entrez_not_in_current_hgnc
Gene::101928422	101928422	LOC101928422		entrez_not_in_current_hgnc
Gene::101928451	101928451	LOC101928451		entrez_not_in_current_hgnc
Gene::101928468	101928468	LOC101928468		entrez_not_in_current_hgnc
Gene::101928481	101928481	LOC101928481		entrez_not_in_current_hgnc
Gene::101928499	101928499	LOC101928499		entrez_not_in_current_hgnc
Gene::101928548	101928548	LOC101928548		entrez_not_in_current_hgnc
Gene::101928552	101928552	LOC101928552		entrez_not_in_current_hgnc
Gene::101928587	101928587	LOC101928587		entrez_not_in_current_hgnc
Gene::101928589	101928589	LOC101928589		entrez_not_in_current_hgnc
Gene::101928592	101928592	LOC101928592		entrez_not_in_current_hgnc
Gene::101928596	101928596	LOC101928596		entrez_not_in_current_hgnc
Gene::101928621	101928621	LOC101928621		entrez_not_in_current_hgnc
Gene::101928631	101928631	LOC101928631		entrez_not_in_current_hgnc
Gene::101928635	101928635	LOC101928635		entrez_not_in_current_hgnc
Gene::101928675	101928675	LOC101928675		entrez_not_in_current_hgnc
Gene::101928722	101928722	LOC101928722		entrez_not_in_current_hgnc
Gene::101928726	101928726	LOC101928726		entrez_not_in_current_hgnc
Gene::101928728	101928728	LOC101928728		entrez_not_in_current_hgnc
Gene::101928764	101928764	LOC101928764		entrez_not_in_current_hgnc
Gene::101928793	101928793	LOC101928793		entrez_not_in_current_hgnc
Gene::101928841	101928841	LOC101928841		entrez_not_in_current_hgnc
Gene::101928868	101928868	LOC101928868		entrez_not_in_current_hgnc
Gene::101928870	101928870	LOC101928870		entrez_not_in_current_hgnc
Gene::101928892	101928892	LOC101928892		entrez_not_in_current_hgnc
Gene::101928947	101928947	LOC101928947		entrez_not_in_current_hgnc
Gene::101928948	101928948	LOC101928948		entrez_not_in_current_hgnc
Gene::101928998	101928998	LOC101928998		entrez_not_in_current_hgnc
Gene::101929060	101929060	LOC101929060		entrez_not_in_current_hgnc
Gene::101929087	101929087	LOC101929087		entrez_not_in_current_hgnc
Gene::101929097	101929097	LOC101929097		entrez_not_in_current_hgnc
Gene::101929141	101929141	LOC101929141		entrez_not_in_current_hgnc
Gene::101929185	101929185	LOC101929185		entrez_not_in_current_hgnc
Gene::101929206	101929206	LOC101929206		entrez_not_in_current_hgnc
Gene::101929211	101929211	LOC101929211		entrez_not_in_current_hgnc
Gene::101929256	101929256	LOC101929256		entrez_not_in_current_hgnc
Gene::101929301	101929301	LOC101929301		entrez_not_in_current_hgnc
Gene::101929304	101929304	LOC101929304		entrez_not_in_current_hgnc
Gene::101929322	101929322	LOC101929322		entrez_not_in_current_hgnc
Gene::101929372	101929372	LOC101929372		entrez_not_in_current_hgnc
Gene::101929373	101929373	LOC101929373		entrez_not_in_current_hgnc
Gene::101929400	101929400	LOC101929400		entrez_not_in_current_hgnc
Gene::101929479	101929479	LOC101929479		entrez_not_in_current_hgnc
Gene::101929490	101929490	LOC101929490		entrez_not_in_current_hgnc
Gene::101929519	101929519	LOC101929519		entrez_not_in_current_hgnc
Gene::101929536	101929536	LOC101929536		entrez_not_in_current_hgnc
Gene::101929552	101929552	LOC101929552		entrez_not_in_current_hgnc
Gene::101929583	101929583	LOC101929583		entrez_not_in_current_hgnc
Gene::101929599	101929599	LOC101929599		entrez_not_in_current_hgnc
Gene::101929601	101929601	LOC101929601		entrez_not_in_current_hgnc
Gene::101929605	101929605	LOC101929605		entrez_not_in_current_hgnc
Gene::101929627	101929627	LOC101929627		entrez_not_in_current_hgnc
Gene::101929692	101929692	LOC101929692		entrez_not_in_current_hgnc
Gene::101929728	101929728	LOC101929728		entrez_not_in_current_hgnc
Gene::101929747	101929747	LOC101929747		entrez_not_in_current_hgnc
Gene::101929748	101929748	LOC101929748		entrez_not_in_current_hgnc
Gene::101929766	101929766	LOC101929766		entrez_not_in_current_hgnc
Gene::101929773	101929773	LOC101929773		entrez_not_in_current_hgnc
Gene::101929805	101929805	LOC101929805		entrez_not_in_current_hgnc
Gene::101929806	101929806	LOC101929806		entrez_not_in_current_hgnc
Gene::101929818	101929818	LOC101929818		entrez_not_in_current_hgnc
Gene::101929839	101929839	LOC101929839		entrez_not_in_current_hgnc
Gene::101929870	101929870	LOC101929870		entrez_not_in_current_hgnc
Gene::101929876	101929876	LOC101929876		entrez_not_in_current_hgnc
Gene::101929895	101929895	LOC101929895		entrez_not_in_current_hgnc
Gene::101929924	101929924	LOC101929924		entrez_not_in_current_hgnc
Gene::101929927	101929927	LOC101929927		entrez_not_in_current_hgnc
Gene::101929941	101929941	LOC101929941		entrez_not_in_current_hgnc
Gene::101929950	101929950	LOC101929950		entrez_not_in_current_hgnc
Gene::101929970	101929970	LOC101929970		entrez_not_in_current_hgnc
Gene::101929991	101929991	LOC101929991		entrez_not_in_current_hgnc
Gene::101929998	101929998	LOC101929998		entrez_not_in_current_hgnc
Gene::101930006	101930006	LOC101930006		entrez_not_in_current_hgnc
Gene::101930013	101930013	LOC101930013		entrez_not_in_current_hgnc
Gene::101930027	101930027	LOC101930027		entrez_not_in_current_hgnc
Gene::101930032	101930032	LOC101930032		entrez_not_in_current_hgnc
Gene::101930047	101930047	LOC101930047		entrez_not_in_current_hgnc
Gene::101930049	101930049	LOC101930049		entrez_not_in_current_hgnc
Gene::101930075	101930075	LOC101930075		entrez_not_in_current_hgnc
Gene::101930111	101930111	LOC101930111		entrez_not_in_current_hgnc
Gene::101930115	101930115	LOC101930115		entrez_not_in_current_hgnc
Gene::101930119	101930119	LOC101930119		entrez_not_in_current_hgnc
Gene::101930123	101930123	LOC101930123		entrez_not_in_current_hgnc
Gene::101930125	101930125	LOC101930125		entrez_not_in_current_hgnc
Gene::101930145	101930145	LOC101930145		entrez_not_in_current_hgnc
Gene::101930165	101930165	LOC101930165		entrez_not_in_current_hgnc
Gene::101930168	101930168	LOC101930168		entrez_not_in_current_hgnc
Gene::101930169	101930169	LOC101930169		entrez_not_in_current_hgnc
Gene::101930171	101930171	LOC101930171		entrez_not_in_current_hgnc
Gene::101930332	101930332	LOC101930332		entrez_not_in_current_hgnc
Gene::102723360	102723360	LOC102723360		entrez_not_in_current_hgnc
Gene::102723382	102723382	LOC102723382		entrez_not_in_current_hgnc
Gene::102723383	102723383	LOC102723383		entrez_not_in_current_hgnc
Gene::102723415	102723415	LOC102723415		entrez_not_in_current_hgnc
Gene::102723418	102723418	LOC102723418		entrez_not_in_current_hgnc
Gene::102723422	102723422	LOC102723422		entrez_not_in_current_hgnc
Gene::102723451	102723451	LOC102723451		entrez_not_in_current_hgnc
Gene::102723456	102723456	LOC102723456		entrez_not_in_current_hgnc
Gene::102723475	102723475	LOC102723475		entrez_not_in_current_hgnc
Gene::102723502	102723502	LOC102723502		entrez_not_in_current_hgnc
Gene::102723503	102723503	LOC102723503		entrez_not_in_current_hgnc
Gene::102723532	102723532	LOC102723532		entrez_not_in_current_hgnc
Gene::102723534	102723534	LOC102723534		entrez_not_in_current_hgnc
Gene::102723553	102723553	LOC102723553		entrez_not_in_current_hgnc
Gene::102723566	102723566	LOC102723566		entrez_not_in_current_hgnc
Gene::102723613	102723613	LOC102723613		entrez_not_in_current_hgnc
Gene::102723643	102723643	LOC102723643		entrez_not_in_current_hgnc
Gene::102723655	102723655	LOC102723655		entrez_not_in_current_hgnc
Gene::102723665	102723665	LOC102723665		entrez_not_in_current_hgnc
Gene::102723713	102723713	LOC102723713		entrez_not_in_current_hgnc
Gene::102723722	102723722	LOC102723722		entrez_not_in_current_hgnc
Gene::102723728	102723728	LOC102723728		entrez_not_in_current_hgnc
Gene::102723730	102723730	LOC102723730		entrez_not_in_current_hgnc
Gene::102723743	102723743	LOC102723743		entrez_not_in_current_hgnc
Gene::102723805	102723805	LOC102723805		entrez_not_in_current_hgnc
Gene::102723822	102723822	LOC102723822		entrez_not_in_current_hgnc
Gene::102723872	102723872	LOC102723872		entrez_not_in_current_hgnc
Gene::102723888	102723888	LOC102723888		entrez_not_in_current_hgnc
Gene::102723891	102723891	LOC102723891		entrez_not_in_current_hgnc
Gene::102723897	102723897	LOC102723897		entrez_not_in_current_hgnc
Gene::102723912	102723912	LOC102723912		entrez_not_in_current_hgnc
Gene::102723930	102723930	LOC102723930		entrez_not_in_current_hgnc
Gene::102723936	102723936	LOC102723936		entrez_not_in_current_hgnc
Gene::102723971	102723971	LOC102723971		entrez_not_in_current_hgnc
Gene::102723996	102723996	LOC102723996		entrez_not_in_current_hgnc
Gene::102724014	102724014	LOC102724014		entrez_not_in_current_hgnc
Gene::102724017	102724017	LOC102724017		entrez_not_in_current_hgnc
Gene::102724023	102724023	LOC102724023		entrez_not_in_current_hgnc
Gene::102724052	102724052	LOC102724052		entrez_not_in_current_hgnc
Gene::102724123	102724123	LOC102724123		entrez_not_in_current_hgnc
Gene::102724135	102724135	LOC102724135		entrez_not_in_current_hgnc
Gene::102724159	102724159	LOC102724159		entrez_not_in_current_hgnc
Gene::102724164	102724164	LOC102724164		entrez_not_in_current_hgnc
Gene::102724175	102724175	LOC102724175		entrez_not_in_current_hgnc
Gene::102724179	102724179	LOC102724179		entrez_not_in_current_hgnc
Gene::102724183	102724183	LOC102724183		entrez_not_in_current_hgnc
Gene::102724184	102724184	LOC102724184		entrez_not_in_current_hgnc
Gene::102724187	102724187	LOC102724187		entrez_not_in_current_hgnc
Gene::102724197	102724197	LOC102724197		entrez_not_in_current_hgnc
Gene::102724200	102724200	LOC102724200		entrez_not_in_current_hgnc
Gene::102724205	102724205	LOC102724205		entrez_not_in_current_hgnc
Gene::102724207	102724207	LOC102724207		entrez_not_in_current_hgnc
Gene::102724229	102724229	LOC102724229		entrez_not_in_current_hgnc
Gene::102724235	102724235	LOC102724235		entrez_not_in_current_hgnc
Gene::102724237	102724237	LOC102724237		entrez_not_in_current_hgnc
Gene::102724250	102724250	LOC102724250		entrez_not_in_current_hgnc
Gene::102724258	102724258	LOC102724258		entrez_not_in_current_hgnc
Gene::102724334	102724334	LOC102724334		entrez_not_in_current_hgnc
Gene::102724356	102724356	LOC102724356		entrez_not_in_current_hgnc
Gene::102724371	102724371	LOC102724371		entrez_not_in_current_hgnc
Gene::102724378	102724378	LOC102724378		entrez_not_in_current_hgnc
Gene::102724385	102724385	LOC102724385		entrez_not_in_current_hgnc
Gene::102724398	102724398	CH507-42P11.6		entrez_not_in_current_hgnc
Gene::102724426	102724426	LOC102724426		entrez_not_in_current_hgnc
Gene::102724427	102724427	LOC102724427		entrez_not_in_current_hgnc
Gene::102724428	102724428	LOC102724428		entrez_not_in_current_hgnc
Gene::102724436	102724436	LOC102724436		entrez_not_in_current_hgnc
Gene::102724441	102724441	LOC102724441		entrez_not_in_current_hgnc
Gene::102724446	102724446	LOC102724446		entrez_not_in_current_hgnc
Gene::102724560	102724560	LOC102724560		entrez_not_in_current_hgnc
Gene::102724580	102724580	LOC102724580		entrez_not_in_current_hgnc
Gene::102724594	102724594	LOC102724594		entrez_not_in_current_hgnc
Gene::102724610	102724610	LOC102724610		entrez_not_in_current_hgnc
Gene::102724624	102724624	LOC102724624		entrez_not_in_current_hgnc
Gene::102724642	102724642	LOC102724642		entrez_not_in_current_hgnc
Gene::102724646	102724646	LOC102724646		entrez_not_in_current_hgnc
Gene::102724652	102724652	LOC102724652		entrez_not_in_current_hgnc
Gene::102724665	102724665	LOC102724665		entrez_not_in_current_hgnc
Gene::102724694	102724694	LOC102724694		entrez_not_in_current_hgnc
Gene::102724728	102724728	LOC102724728		entrez_not_in_current_hgnc
Gene::102724730	102724730	LOC102724730		entrez_not_in_current_hgnc
Gene::102724751	102724751	LOC102724751		entrez_not_in_current_hgnc
Gene::102724770	102724770	LOC102724770		entrez_not_in_current_hgnc
Gene::102724777	102724777	LOC102724777		entrez_not_in_current_hgnc
Gene::102724782	102724782	LOC102724782		entrez_not_in_current_hgnc
Gene::102724788	102724788	LOC102724788		entrez_not_in_current_hgnc
Gene::102724813	102724813	LOC102724813		entrez_not_in_current_hgnc
Gene::102724823	102724823	LOC102724823		entrez_not_in_current_hgnc
Gene::102724828	102724828	LOC102724828		entrez_not_in_current_hgnc
Gene::102724843	102724843	LOC102724843		entrez_not_in_current_hgnc
Gene::102724844	102724844	LOC102724844		entrez_not_in_current_hgnc
Gene::102724877	102724877	LOC102724877		entrez_not_in_current_hgnc
Gene::102724904	102724904	LOC102724904		entrez_not_in_current_hgnc
Gene::102724957	102724957	LOC102724957		entrez_not_in_current_hgnc
Gene::102724965	102724965	LOC102724965		entrez_not_in_current_hgnc
Gene::102724970	102724970	LOC102724970		entrez_not_in_current_hgnc
Gene::102724984	102724984	LOC102724984		entrez_not_in_current_hgnc
Gene::102724985	102724985	LOC102724985		entrez_not_in_current_hgnc
Gene::102724988	102724988	LOC102724988		entrez_not_in_current_hgnc
Gene::102724991	102724991	LOC102724991		entrez_not_in_current_hgnc
Gene::102724992	102724992	LOC102724992		entrez_not_in_current_hgnc
Gene::102724993	102724993	LOC102724993		entrez_not_in_current_hgnc
Gene::102724994	102724994	LOC102724994		entrez_not_in_current_hgnc
Gene::102724995	102724995	LOC102724995		entrez_not_in_current_hgnc
Gene::102725001	102725001	LOC102725001		entrez_not_in_current_hgnc
Gene::102725009	102725009	LOC102725009		entrez_not_in_current_hgnc
Gene::102725015	102725015	LOC102725015		entrez_not_in_current_hgnc
Gene::102725016	102725016	LOC102725016		entrez_not_in_current_hgnc
Gene::102725017	102725017	LOC102725017		entrez_not_in_current_hgnc
Gene::102725023	102725023	LOC102725023		entrez_not_in_current_hgnc
Gene::102725024	102725024	LOC102725024		entrez_not_in_current_hgnc
Gene::102725029	102725029	LOC102725029		entrez_not_in_current_hgnc
Gene::102725031	102725031	LOC102725031		entrez_not_in_current_hgnc
Gene::102725034	102725034	LOC102725034		entrez_not_in_current_hgnc
Gene::102725035	102725035	LOC102725035		entrez_not_in_current_hgnc
Gene::102725043	102725043	LOC102725043		entrez_not_in_current_hgnc
Gene::102725060	102725060	LOC102725060		entrez_not_in_current_hgnc
Gene::102725070	102725070	LOC102725070		entrez_not_in_current_hgnc
Gene::102725091	102725091	LOC102725091		entrez_not_in_current_hgnc
Gene::102725092	102725092	LOC102725092		entrez_not_in_current_hgnc
Gene::102725104	102725104	LOC102725104		entrez_not_in_current_hgnc
Gene::102725106	102725106	LOC102725106		entrez_not_in_current_hgnc
Gene::102725117	102725117	LOC102725117		entrez_not_in_current_hgnc
Gene::102725126	102725126	LOC102725126		entrez_not_in_current_hgnc
Gene::102725138	102725138	LOC102725138		entrez_not_in_current_hgnc
Gene::102725144	102725144	LOC102725144		entrez_not_in_current_hgnc
Gene::102725155	102725155	LOC102725155		entrez_not_in_current_hgnc
Gene::102725179	102725179	LOC102725179		entrez_not_in_current_hgnc
Gene::102725204	102725204	LOC102725204		entrez_not_in_current_hgnc
Gene::102725205	102725205	LOC102725205		entrez_not_in_current_hgnc
Gene::102725207	102725207	LOC102725207		entrez_not_in_current_hgnc
Gene::102725210	102725210	LOC102725210		entrez_not_in_current_hgnc
Gene::102725236	102725236	LOC102725236		entrez_not_in_current_hgnc
Gene::102725241	102725241	LOC102725241		entrez_not_in_current_hgnc
Gene::103344718	103344718	HOTS		entrez_not_in_current_hgnc
Gene::105369139	105369139	LOC105369139		entrez_not_in_current_hgnc
Gene::105369140	105369140	LOC105369140		entrez_not_in_current_hgnc
Gene::105369145	105369145	OFCC1		merged_into_linked_node:Gene::266553
Gene::105369146	105369146	LOC105369146		entrez_not_in_current_hgnc
Gene::105369148	105369148	LOC105369148		entrez_not_in_current_hgnc
Gene::105369153	105369153	LOC105369153		entrez_not_in_current_hgnc
Gene::105369154	105369154	LOC105369154		entrez_not_in_current_hgnc
Gene::105369155	105369155	LOC105369155		entrez_not_in_current_hgnc
Gene::105369159	105369159	LOC105369159		entrez_not_in_current_hgnc
Gene::105369169	105369169	LOC105369169		entrez_not_in_current_hgnc
Gene::105369174	105369174	LOC105369174		entrez_not_in_current_hgnc
Gene::105369175	105369175	LOC105369175		entrez_not_in_current_hgnc
Gene::105369176	105369176	LOC105369176		entrez_not_in_current_hgnc
Gene::105369184	105369184	LOC105369184		entrez_not_in_current_hgnc
Gene::105369186	105369186	LOC105369186		entrez_not_in_current_hgnc
Gene::105369188	105369188	LOC105369188		entrez_not_in_current_hgnc
Gene::105369189	105369189	LOC105369189		entrez_not_in_current_hgnc
Gene::105369190	105369190	LOC105369190		entrez_not_in_current_hgnc
Gene::105369191	105369191	LOC105369191		entrez_not_in_current_hgnc
Gene::105369199	105369199	LOC105369199		entrez_not_in_current_hgnc
Gene::105369200	105369200	LOC105369200		entrez_not_in_current_hgnc
Gene::105369202	105369202	LOC105369202		entrez_not_in_current_hgnc
Gene::105369204	105369204	LOC105369204		entrez_not_in_current_hgnc
Gene::105369205	105369205	LOC105369205		entrez_not_in_current_hgnc
Gene::105369209	105369209	LOC105369209		entrez_not_in_current_hgnc
Gene::105369212	105369212	LOC105369212		entrez_not_in_current_hgnc
Gene::105369214	105369214	LOC105369214		entrez_not_in_current_hgnc
Gene::105369215	105369215	LOC105369215		entrez_not_in_current_hgnc
Gene::105369216	105369216	LOC105369216		entrez_not_in_current_hgnc
Gene::105369230	105369230	LOC105369230		entrez_not_in_current_hgnc
Gene::105369233	105369233	LOC105369233		entrez_not_in_current_hgnc
Gene::105369236	105369236	LOC105369236		entrez_not_in_current_hgnc
Gene::105369237	105369237	LOC105369237		entrez_not_in_current_hgnc
Gene::105369238	105369238	LOC105369238		entrez_not_in_current_hgnc
Gene::105369239	105369239	LOC105369239		entrez_not_in_current_hgnc
Gene::105369240	105369240	LOC105369240		entrez_not_in_current_hgnc
Gene::105369241	105369241	LOC105369241		entrez_not_in_current_hgnc
Gene::105369243	105369243	LOC105369243		entrez_not_in_current_hgnc
Gene::105369244	105369244	LOC105369244		entrez_not_in_current_hgnc
Gene::105369245	105369245	LOC105369245		entrez_not_in_current_hgnc
Gene::105369246	105369246	LOC105369246		entrez_not_in_current_hgnc
Gene::105369247	105369247	LOC105369247		entrez_not_in_current_hgnc
Gene::105369257	105369257	LOC105369257		entrez_not_in_current_hgnc
Gene::105369258	105369258	LOC105369258		entrez_not_in_current_hgnc
Gene::105369259	105369259	LOC105369259		entrez_not_in_current_hgnc
Gene::105369261	105369261	LOC105369261		entrez_not_in_current_hgnc
Gene::105369264	105369264	LOC105369264		entrez_not_in_current_hgnc
Gene::105369266	105369266	LOC105369266		entrez_not_in_current_hgnc
Gene::105369270	105369270	LOC105369270		entrez_not_in_current_hgnc
Gene::105369271	105369271	LOC105369271		entrez_not_in_current_hgnc
Gene::105369273	105369273	LOC105369273		entrez_not_in_current_hgnc
Gene::105369275	105369275	LOC105369275		entrez_not_in_current_hgnc
Gene::105369276	105369276	LOC105369276		entrez_not_in_current_hgnc
Gene::105369277	105369277	LOC105369277		entrez_not_in_current_hgnc
Gene::105369280	105369280	LOC105369280		entrez_not_in_current_hgnc
Gene::105369282	105369282	LOC105369282		entrez_not_in_current_hgnc
Gene::105369311	105369311	LOC105369311		entrez_not_in_current_hgnc
Gene::105369337	105369337	LOC105369337		entrez_not_in_current_hgnc
Gene::105369358	105369358	LOC105369358		entrez_not_in_current_hgnc
Gene::105369425	105369425	LOC105369425		entrez_not_in_current_hgnc
Gene::105369433	105369433	LOC105369433		entrez_not_in_current_hgnc
Gene::105369444	105369444	LOC105369444		entrez_not_in_current_hgnc
Gene::105369445	105369445	LOC105369445		entrez_not_in_current_hgnc
Gene::105369447	105369447	LOC105369447		entrez_not_in_current_hgnc
Gene::105369535	105369535	LOC105369535		entrez_not_in_current_hgnc
Gene::105369546	105369546	LOC105369546		entrez_not_in_current_hgnc
Gene::105369552	105369552	LOC105369552		entrez_not_in_current_hgnc
Gene::105369590	105369590	LOC105369590		entrez_not_in_current_hgnc
Gene::105369591	105369591	LOC105369591		entrez_not_in_current_hgnc
Gene::105369637	105369637	LOC105369637		entrez_not_in_current_hgnc
Gene::105369647	105369647	LOC105369647		entrez_not_in_current_hgnc
Gene::105369660	105369660	LOC105369660		entrez_not_in_current_hgnc
Gene::105369669	105369669	LOC105369669		entrez_not_in_current_hgnc
Gene::105369728	105369728	LOC105369728		entrez_not_in_current_hgnc
Gene::105369766	105369766	LOC105369766		entrez_not_in_current_hgnc
Gene::105369769	105369769	LOC105369769		entrez_not_in_current_hgnc
Gene::105369834	105369834	LOC105369834		entrez_not_in_current_hgnc
Gene::105369868	105369868	LOC105369868		entrez_not_in_current_hgnc
Gene::105369869	105369869	LOC105369869		entrez_not_in_current_hgnc
Gene::105369889	105369889	LOC105369889		entrez_not_in_current_hgnc
Gene::105369914	105369914	LOC105369914		entrez_not_in_current_hgnc
Gene::105369970	105369970	LOC105369970		entrez_not_in_current_hgnc
Gene::105369972	105369972	LOC105369972		entrez_not_in_current_hgnc
Gene::105369997	105369997	LOC105369997		entrez_not_in_current_hgnc
Gene::105370036	105370036	LOC105370036		entrez_not_in_current_hgnc
Gene::105370045	105370045	LOC105370045		entrez_not_in_current_hgnc
Gene::105370098	105370098	LOC105370098		entrez_not_in_current_hgnc
Gene::105370099	105370099	LOC105370099		entrez_not_in_current_hgnc
Gene::105370172	105370172	LOC105370172		entrez_not_in_current_hgnc
Gene::105370199	105370199	LOC105370199		entrez_not_in_current_hgnc
Gene::105370288	105370288	LOC105370288		entrez_not_in_current_hgnc
Gene::105370294	105370294	LOC105370294		entrez_not_in_current_hgnc
Gene::105370295	105370295	LOC105370295		entrez_not_in_current_hgnc
Gene::105370296	105370296	LOC105370296		entrez_not_in_current_hgnc
Gene::105370297	105370297	LOC105370297		entrez_not_in_current_hgnc
Gene::105370298	105370298	LOC105370298		entrez_not_in_current_hgnc
Gene::105370362	105370362	LOC105370362		entrez_not_in_current_hgnc
Gene::105370367	105370367	LOC105370367		entrez_not_in_current_hgnc
Gene::105370368	105370368	LOC105370368		entrez_not_in_current_hgnc
Gene::105370374	105370374	LOC105370374		entrez_not_in_current_hgnc
Gene::105370378	105370378	LOC105370378		entrez_not_in_current_hgnc
Gene::105370380	105370380	LOC105370380		entrez_not_in_current_hgnc
Gene::105370399	105370399	LOC105370399		entrez_not_in_current_hgnc
Gene::105370548	105370548	LOC105370548		entrez_not_in_current_hgnc
Gene::105370551	105370551	LOC105370551		entrez_not_in_current_hgnc
Gene::105370553	105370553	LOC105370553		entrez_not_in_current_hgnc
Gene::105370554	105370554	LOC105370554		entrez_not_in_current_hgnc
Gene::105370579	105370579	LOC105370579		entrez_not_in_current_hgnc
Gene::105370641	105370641	LOC105370641		entrez_not_in_current_hgnc
Gene::105370649	105370649	LOC105370649		entrez_not_in_current_hgnc
Gene::105370691	105370691	LOC105370691		entrez_not_in_current_hgnc
Gene::105370705	105370705	LOC105370705		entrez_not_in_current_hgnc
Gene::105370706	105370706	LOC105370706		entrez_not_in_current_hgnc
Gene::105370707	105370707	LOC105370707		entrez_not_in_current_hgnc
Gene::105370719	105370719	LOC105370719		entrez_not_in_current_hgnc
Gene::105370720	105370720	LOC105370720		entrez_not_in_current_hgnc
Gene::105370748	105370748	LOC105370748		entrez_not_in_current_hgnc
Gene::105370815	105370815	LOC105370815		entrez_not_in_current_hgnc
Gene::105370828	105370828	LOC105370828		entrez_not_in_current_hgnc
Gene::105370838	105370838	LOC105370838		entrez_not_in_current_hgnc
Gene::105370849	105370849	LOC105370849		entrez_not_in_current_hgnc
Gene::105370909	105370909	LOC105370909		entrez_not_in_current_hgnc
Gene::105370929	105370929	LOC105370929		entrez_not_in_current_hgnc
Gene::105370939	105370939	LOC105370939		entrez_not_in_current_hgnc
Gene::105370940	105370940	LOC105370940		entrez_not_in_current_hgnc
Gene::105370941	105370941	LOC105370941		entrez_not_in_current_hgnc
Gene::105370942	105370942	LOC105370942		entrez_not_in_current_hgnc
Gene::105370943	105370943	LOC105370943		entrez_not_in_current_hgnc
Gene::105370945	105370945	LOC105370945		entrez_not_in_current_hgnc
Gene::105370971	105370971	LOC105370971		entrez_not_in_current_hgnc
Gene::105370980	105370980	LOC105370980		entrez_not_in_current_hgnc
Gene::105371031	105371031	LOC105371031		entrez_not_in_current_hgnc
Gene::105371033	105371033	LOC105371033		entrez_not_in_current_hgnc
Gene::105371034	105371034	LOC105371034		entrez_not_in_current_hgnc
Gene::105371035	105371035	LOC105371035		entrez_not_in_current_hgnc
Gene::105371063	105371063	LOC105371063		entrez_not_in_current_hgnc
Gene::105371095	105371095	LOC105371095		entrez_not_in_current_hgnc
Gene::105371099	105371099	LOC105371099		entrez_not_in_current_hgnc
Gene::105371112	105371112	LOC105371112		entrez_not_in_current_hgnc
Gene::105371127	105371127	LOC105371127		entrez_not_in_current_hgnc
Gene::105371128	105371128	LOC105371128		entrez_not_in_current_hgnc
Gene::105371136	105371136	LOC105371136		entrez_not_in_current_hgnc
Gene::105371162	105371162	LOC105371162		entrez_not_in_current_hgnc
Gene::105371164	105371164	LOC105371164		entrez_not_in_current_hgnc
Gene::105371169	105371169	LOC105371169		entrez_not_in_current_hgnc
Gene::105371179	105371179	LOC105371179		entrez_not_in_current_hgnc
Gene::105371185	105371185	LOC105371185		entrez_not_in_current_hgnc
Gene::105371186	105371186	LOC105371186		entrez_not_in_current_hgnc
Gene::105371187	105371187	LOC105371187		entrez_not_in_current_hgnc
Gene::105371188	105371188	LOC105371188		entrez_not_in_current_hgnc
Gene::105371189	105371189	LOC105371189		entrez_not_in_current_hgnc
Gene::105371191	105371191	LOC105371191		entrez_not_in_current_hgnc
Gene::105371192	105371192	LOC105371192		entrez_not_in_current_hgnc
Gene::105371193	105371193	LOC105371193		entrez_not_in_current_hgnc
Gene::105371215	105371215	LOC105371215		entrez_not_in_current_hgnc
Gene::105371253	105371253	LOC105371253		entrez_not_in_current_hgnc
Gene::105371371	105371371	LOC105371371		entrez_not_in_current_hgnc
Gene::105371397	105371397	LOC105371397		entrez_not_in_current_hgnc
Gene::105371405	105371405	LOC105371405		entrez_not_in_current_hgnc
Gene::105371409	105371409	LOC105371409		entrez_not_in_current_hgnc
Gene::105371414	105371414	LOC105371414		entrez_not_in_current_hgnc
Gene::105371417	105371417	LOC105371417		entrez_not_in_current_hgnc
Gene::105371419	105371419	LOC105371419		entrez_not_in_current_hgnc
Gene::105371420	105371420	LOC105371420		entrez_not_in_current_hgnc
Gene::105371424	105371424	LOC105371424		entrez_not_in_current_hgnc
Gene::105371430	105371430	LOC105371430		entrez_not_in_current_hgnc
Gene::105371432	105371432	LOC105371432		entrez_not_in_current_hgnc
Gene::105371437	105371437	LOC105371437		entrez_not_in_current_hgnc
Gene::105371448	105371448	LOC105371448		entrez_not_in_current_hgnc
Gene::105371478	105371478	LOC105371478		entrez_not_in_current_hgnc
Gene::105371486	105371486	LOC105371486		entrez_not_in_current_hgnc
Gene::105371558	105371558	LOC105371558		entrez_not_in_current_hgnc
Gene::105371566	105371566	LOC105371566		entrez_not_in_current_hgnc
Gene::105371591	105371591	LOC105371591		entrez_not_in_current_hgnc
Gene::105371592	105371592	LOC105371592		entrez_not_in_current_hgnc
Gene::105371641	105371641	LOC105371641		entrez_not_in_current_hgnc
Gene::105371697	105371697	LOC105371697		entrez_not_in_current_hgnc
Gene::105371727	105371727	LOC105371727		entrez_not_in_current_hgnc
Gene::105371729	105371729	LOC105371729		entrez_not_in_current_hgnc
Gene::105371752	105371752	LOC105371752		entrez_not_in_current_hgnc
Gene::105371789	105371789	LOC105371789		entrez_not_in_current_hgnc
Gene::105371810	105371810	LOC105371810		entrez_not_in_current_hgnc
Gene::105371844	105371844	LOC105371844		entrez_not_in_current_hgnc
Gene::105371899	105371899	LOC105371899		entrez_not_in_current_hgnc
Gene::105371905	105371905	LOC105371905		entrez_not_in_current_hgnc
Gene::105371910	105371910	LOC105371910		entrez_not_in_current_hgnc
Gene::105371921	105371921	LOC105371921		entrez_not_in_current_hgnc
Gene::105371930	105371930	LOC105371930		entrez_not_in_current_hgnc
Gene::105371931	105371931	LOC105371931		entrez_not_in_current_hgnc
Gene::105371932	105371932	LOC105371932		entrez_not_in_current_hgnc
Gene::105371933	105371933	LOC105371933		entrez_not_in_current_hgnc
Gene::105371934	105371934	LOC105371934		entrez_not_in_current_hgnc
Gene::105371935	105371935	LOC105371935		entrez_not_in_current_hgnc
Gene::105371936	105371936	LOC105371936		entrez_not_in_current_hgnc
Gene::105371937	105371937	LOC105371937		entrez_not_in_current_hgnc
Gene::105371944	105371944	LOC105371944		entrez_not_in_current_hgnc
Gene::105372013	105372013	LOC105372013		entrez_not_in_current_hgnc
Gene::105372014	105372014	LOC105372014		entrez_not_in_current_hgnc
Gene::105372015	105372015	LOC105372015		entrez_not_in_current_hgnc
Gene::105372022	105372022	LOC105372022		entrez_not_in_current_hgnc
Gene::105372109	105372109	LOC105372109		entrez_not_in_current_hgnc
Gene::105372192	105372192	LOC105372192		entrez_not_in_current_hgnc
Gene::105372204	105372204	LOC105372204		entrez_not_in_current_hgnc
Gene::105372231	105372231	LOC105372231		entrez_not_in_current_hgnc
Gene::105372269	105372269	LOC105372269		entrez_not_in_current_hgnc
Gene::105372271	105372271	LOC105372271		entrez_not_in_current_hgnc
Gene::105372277	105372277	LOC105372277		entrez_not_in_current_hgnc
Gene::105372285	105372285	LOC105372285		entrez_not_in_current_hgnc
Gene::105372315	105372315	LOC105372315	ERVS71-1	no_kirc_feature_for_this_gene
Gene::105372319	105372319	LOC105372319		entrez_not_in_current_hgnc
Gene::105372328	105372328	LOC105372328		entrez_not_in_current_hgnc
Gene::105372342	105372342	LOC105372342		entrez_not_in_current_hgnc
Gene::105372343	105372343	LOC105372343		entrez_not_in_current_hgnc
Gene::105372344	105372344	LOC105372344		entrez_not_in_current_hgnc
Gene::105372373	105372373	LOC105372373		entrez_not_in_current_hgnc
Gene::105372378	105372378	LOC105372378		entrez_not_in_current_hgnc
Gene::105372382	105372382	FFAR2		merged_into_linked_node:Gene::2867
Gene::105372384	105372384	LOC105372384		entrez_not_in_current_hgnc
Gene::105372386	105372386	LOC105372386		entrez_not_in_current_hgnc
Gene::105372387	105372387	LOC105372387		entrez_not_in_current_hgnc
Gene::105372389	105372389	LOC105372389		entrez_not_in_current_hgnc
Gene::105372412	105372412	LOC105372412		entrez_not_in_current_hgnc
Gene::105372417	105372417	LOC105372417		entrez_not_in_current_hgnc
Gene::105372474	105372474	LOC105372474		entrez_not_in_current_hgnc
Gene::105372478	105372478	LOC105372478		entrez_not_in_current_hgnc
Gene::105372487	105372487	LOC105372487		entrez_not_in_current_hgnc
Gene::105372490	105372490	LOC105372490		entrez_not_in_current_hgnc
Gene::105372493	105372493	LOC105372493		entrez_not_in_current_hgnc
Gene::105372496	105372496	LOC105372496		entrez_not_in_current_hgnc
Gene::105372559	105372559	LOC105372559		entrez_not_in_current_hgnc
Gene::105372569	105372569	LOC105372569		entrez_not_in_current_hgnc
Gene::105372585	105372585	LOC105372585		entrez_not_in_current_hgnc
Gene::105372704	105372704	LOC105372704		entrez_not_in_current_hgnc
Gene::105372714	105372714	LOC105372714	BPIFA6P	no_kirc_feature_for_this_gene
Gene::105372715	105372715	LOC105372715		entrez_not_in_current_hgnc
Gene::105372723	105372723	LOC105372723		entrez_not_in_current_hgnc
Gene::105372811	105372811	LOC105372811		entrez_not_in_current_hgnc
Gene::105372824	105372824	LOC105372824		entrez_not_in_current_hgnc
Gene::105372834	105372834	LOC105372834		entrez_not_in_current_hgnc
Gene::105372836	105372836	LOC105372836		entrez_not_in_current_hgnc
Gene::105372843	105372843	LOC105372843		entrez_not_in_current_hgnc
Gene::105372844	105372844	LOC105372844		entrez_not_in_current_hgnc
Gene::105372847	105372847	LOC105372847		entrez_not_in_current_hgnc
Gene::105372855	105372855	LOC105372855		entrez_not_in_current_hgnc
Gene::105372867	105372867	LOC105372867		entrez_not_in_current_hgnc
Gene::105372872	105372872	LOC105372872		entrez_not_in_current_hgnc
Gene::105372954	105372954	LOC105372954		entrez_not_in_current_hgnc
Gene::105373057	105373057	LOC105373057		entrez_not_in_current_hgnc
Gene::105373071	105373071	LOC105373071		entrez_not_in_current_hgnc
Gene::105373073	105373073	LOC105373073		entrez_not_in_current_hgnc
Gene::105373090	105373090	LOC105373090		entrez_not_in_current_hgnc
Gene::105373091	105373091	LOC105373091		entrez_not_in_current_hgnc
Gene::105373093	105373093	LOC105373093		entrez_not_in_current_hgnc
Gene::105373094	105373094	LOC105373094		entrez_not_in_current_hgnc
Gene::105373099	105373099	LOC105373099		entrez_not_in_current_hgnc
Gene::105373102	105373102	LOC105373102		entrez_not_in_current_hgnc
Gene::105373132	105373132	LOC105373132		entrez_not_in_current_hgnc
Gene::105373133	105373133	LOC105373133		entrez_not_in_current_hgnc
Gene::105373154	105373154	LOC105373154		entrez_not_in_current_hgnc
Gene::105373156	105373156	LOC105373156		entrez_not_in_current_hgnc
Gene::105373157	105373157	LOC105373157		entrez_not_in_current_hgnc
Gene::105373200	105373200	LOC105373200		entrez_not_in_current_hgnc
Gene::105373226	105373226	LOC105373226		entrez_not_in_current_hgnc
Gene::105373237	105373237	LOC105373237		entrez_not_in_current_hgnc
Gene::105373242	105373242	LOC105373242		entrez_not_in_current_hgnc
Gene::105373243	105373243	LOC105373243		entrez_not_in_current_hgnc
Gene::105373244	105373244	LOC105373244		entrez_not_in_current_hgnc
Gene::105373256	105373256	LOC105373256		entrez_not_in_current_hgnc
Gene::105373268	105373268	LOC105373268		entrez_not_in_current_hgnc
Gene::105373274	105373274	LOC105373274		entrez_not_in_current_hgnc
Gene::105373277	105373277	LOC105373277		entrez_not_in_current_hgnc
Gene::105373278	105373278	LOC105373278		entrez_not_in_current_hgnc
Gene::105373280	105373280	LOC105373280		entrez_not_in_current_hgnc
Gene::105373289	105373289	LOC105373289		entrez_not_in_current_hgnc
Gene::105373297	105373297	LOC105373297		entrez_not_in_current_hgnc
Gene::105373311	105373311	LOC105373311		entrez_not_in_current_hgnc
Gene::105373314	105373314	LOC105373314		entrez_not_in_current_hgnc
Gene::105373316	105373316	LOC105373316		entrez_not_in_current_hgnc
Gene::105373347	105373347	LOC105373347		entrez_not_in_current_hgnc
Gene::105373352	105373352	LOC105373352		entrez_not_in_current_hgnc
Gene::105373353	105373353	LOC105373353		entrez_not_in_current_hgnc
Gene::105373356	105373356	LOC105373356		entrez_not_in_current_hgnc
Gene::105373380	105373380	LOC105373380		entrez_not_in_current_hgnc
Gene::105373382	105373382	LOC105373382		entrez_not_in_current_hgnc
Gene::105373386	105373386	LOC105373386		entrez_not_in_current_hgnc
Gene::105373392	105373392	LOC105373392		entrez_not_in_current_hgnc
Gene::105373395	105373395	LOC105373395		entrez_not_in_current_hgnc
Gene::105373397	105373397	LOC105373397		entrez_not_in_current_hgnc
Gene::105373434	105373434	LOC105373434		entrez_not_in_current_hgnc
Gene::105373442	105373442	LOC105373442		entrez_not_in_current_hgnc
Gene::105373468	105373468	LOC105373468		entrez_not_in_current_hgnc
Gene::105373471	105373471	LOC105373471		entrez_not_in_current_hgnc
Gene::105373472	105373472	LOC105373472		entrez_not_in_current_hgnc
Gene::105373474	105373474	LOC105373474		entrez_not_in_current_hgnc
Gene::105373477	105373477	LOC105373477		entrez_not_in_current_hgnc
Gene::105373480	105373480	LOC105373480		entrez_not_in_current_hgnc
Gene::105373489	105373489	LOC105373489		entrez_not_in_current_hgnc
Gene::105373498	105373498	LOC105373498		entrez_not_in_current_hgnc
Gene::105373551	105373551	LOC105373551		entrez_not_in_current_hgnc
Gene::105373602	105373602	LOC105373602		entrez_not_in_current_hgnc
Gene::105373606	105373606	LOC105373606		entrez_not_in_current_hgnc
Gene::105373619	105373619	LOC105373619		entrez_not_in_current_hgnc
Gene::105373759	105373759	LOC105373759		entrez_not_in_current_hgnc
Gene::105373780	105373780	LOC105373780		entrez_not_in_current_hgnc
Gene::105373800	105373800	LOC105373800		entrez_not_in_current_hgnc
Gene::105373801	105373801	LOC105373801		entrez_not_in_current_hgnc
Gene::105373840	105373840	LOC105373840		entrez_not_in_current_hgnc
Gene::105373926	105373926	LOC105373926		entrez_not_in_current_hgnc
Gene::105373957	105373957	LOC105373957		entrez_not_in_current_hgnc
Gene::105373982	105373982	LOC105373982		entrez_not_in_current_hgnc
Gene::105373983	105373983	LOC105373983		entrez_not_in_current_hgnc
Gene::105373985	105373985	LOC105373985		entrez_not_in_current_hgnc
Gene::105373986	105373986	LOC105373986		entrez_not_in_current_hgnc
Gene::105373987	105373987	LOC105373987		entrez_not_in_current_hgnc
Gene::105373988	105373988	LOC105373988		entrez_not_in_current_hgnc
Gene::105373989	105373989	LOC105373989		entrez_not_in_current_hgnc
Gene::105373990	105373990	LOC105373990		entrez_not_in_current_hgnc
Gene::105373991	105373991	LOC105373991		entrez_not_in_current_hgnc
Gene::105374013	105374013	LOC105374013		entrez_not_in_current_hgnc
Gene::105374086	105374086	LOC105374086		entrez_not_in_current_hgnc
Gene::105374089	105374089	LOC105374089		entrez_not_in_current_hgnc
Gene::105374091	105374091	LOC105374091		entrez_not_in_current_hgnc
Gene::105374103	105374103	LOC105374103		entrez_not_in_current_hgnc
Gene::105374156	105374156	LOC105374156		entrez_not_in_current_hgnc
Gene::105374278	105374278	LOC105374278		entrez_not_in_current_hgnc
Gene::105374297	105374297	LOC105374297		entrez_not_in_current_hgnc
Gene::105374299	105374299	LOC105374299		entrez_not_in_current_hgnc
Gene::105374301	105374301	LOC105374301		entrez_not_in_current_hgnc
Gene::105374312	105374312	LOC105374312		entrez_not_in_current_hgnc
Gene::105374313	105374313	LOC105374313		entrez_not_in_current_hgnc
Gene::105374314	105374314	LOC105374314		entrez_not_in_current_hgnc
Gene::105374357	105374357	LOC105374357		entrez_not_in_current_hgnc
Gene::105374372	105374372	LOC105374372		entrez_not_in_current_hgnc
Gene::105374378	105374378	LOC105374378		entrez_not_in_current_hgnc
Gene::105374379	105374379	LOC105374379		entrez_not_in_current_hgnc
Gene::105374380	105374380	LOC105374380		entrez_not_in_current_hgnc
Gene::105374382	105374382	LOC105374382		entrez_not_in_current_hgnc
Gene::105374474	105374474	LOC105374474		entrez_not_in_current_hgnc
Gene::105374537	105374537	LOC105374537		entrez_not_in_current_hgnc
Gene::105374567	105374567	LOC105374567		entrez_not_in_current_hgnc
Gene::105374620	105374620	LOC105374620		entrez_not_in_current_hgnc
Gene::105374638	105374638	LOC105374638		entrez_not_in_current_hgnc
Gene::105374700	105374700	LOC105374700		entrez_not_in_current_hgnc
Gene::105374752	105374752	LOC105374752		entrez_not_in_current_hgnc
Gene::105374753	105374753	LOC105374753		entrez_not_in_current_hgnc
Gene::105374816	105374816	LOC105374816		entrez_not_in_current_hgnc
Gene::105374860	105374860	LOC105374860		entrez_not_in_current_hgnc
Gene::105374861	105374861	LOC105374861		entrez_not_in_current_hgnc
Gene::105374874	105374874	LOC105374874		entrez_not_in_current_hgnc
Gene::105374908	105374908	LOC105374908		entrez_not_in_current_hgnc
Gene::105374986	105374986	LOC105374986		entrez_not_in_current_hgnc
Gene::105374995	105374995	LOC105374995		entrez_not_in_current_hgnc
Gene::105375003	105375003	LOC105375003		entrez_not_in_current_hgnc
Gene::105375007	105375007	LOC105375007		entrez_not_in_current_hgnc
Gene::105375039	105375039	LOC105375039		entrez_not_in_current_hgnc
Gene::105375057	105375057	LOC105375057		entrez_not_in_current_hgnc
Gene::105375092	105375092	LOC105375092		entrez_not_in_current_hgnc
Gene::105375104	105375104	LOC105375104		entrez_not_in_current_hgnc
Gene::105375105	105375105	LOC105375105		entrez_not_in_current_hgnc
Gene::105375106	105375106	LOC105375106		entrez_not_in_current_hgnc
Gene::105375107	105375107	LOC105375107		entrez_not_in_current_hgnc
Gene::105375108	105375108	LOC105375108		entrez_not_in_current_hgnc
Gene::105375109	105375109	LOC105375109		entrez_not_in_current_hgnc
Gene::105375110	105375110	LOC105375110		entrez_not_in_current_hgnc
Gene::105375112	105375112	LOC105375112		entrez_not_in_current_hgnc
Gene::105375116	105375116	LOC105375116		entrez_not_in_current_hgnc
Gene::105375131	105375131	LOC105375131		entrez_not_in_current_hgnc
Gene::105375205	105375205	LOC105375205		entrez_not_in_current_hgnc
Gene::105375274	105375274	LOC105375274		entrez_not_in_current_hgnc
Gene::105375297	105375297	LOC105375297		entrez_not_in_current_hgnc
Gene::105375302	105375302	LOC105375302		entrez_not_in_current_hgnc
Gene::105375303	105375303	LOC105375303		entrez_not_in_current_hgnc
Gene::105375305	105375305	LOC105375305		entrez_not_in_current_hgnc
Gene::105375316	105375316	LOC105375316		entrez_not_in_current_hgnc
Gene::105375354	105375354	LOC105375354		entrez_not_in_current_hgnc
Gene::105375383	105375383	LOC105375383		entrez_not_in_current_hgnc
Gene::105375433	105375433	LOC105375433		entrez_not_in_current_hgnc
Gene::105375604	105375604	LOC105375604		entrez_not_in_current_hgnc
Gene::105375612	105375612	LOC105375612		entrez_not_in_current_hgnc
Gene::105375620	105375620	LOC105375620		entrez_not_in_current_hgnc
Gene::105375621	105375621	LOC105375621		entrez_not_in_current_hgnc
Gene::105375661	105375661	LOC105375661		entrez_not_in_current_hgnc
Gene::105375667	105375667	LOC105375667		entrez_not_in_current_hgnc
Gene::105375678	105375678	LOC105375678		entrez_not_in_current_hgnc
Gene::105375751	105375751	LOC105375751		entrez_not_in_current_hgnc
Gene::105375807	105375807	LOC105375807		entrez_not_in_current_hgnc
Gene::105375809	105375809	LOC105375809		entrez_not_in_current_hgnc
Gene::105375810	105375810	LOC105375810		entrez_not_in_current_hgnc
Gene::105375816	105375816	LOC105375816		entrez_not_in_current_hgnc
Gene::105375817	105375817	LOC105375817		entrez_not_in_current_hgnc
Gene::105375840	105375840	LOC105375840		entrez_not_in_current_hgnc
Gene::105375861	105375861	LOC105375861		entrez_not_in_current_hgnc
Gene::105375938	105375938	LOC105375938		entrez_not_in_current_hgnc
Gene::105375950	105375950	LOC105375950		entrez_not_in_current_hgnc
Gene::105375975	105375975	LOC105375975		entrez_not_in_current_hgnc
Gene::105376008	105376008	LOC105376008		entrez_not_in_current_hgnc
Gene::105376047	105376047	LOC105376047		entrez_not_in_current_hgnc
Gene::105376056	105376056	LOC105376056		entrez_not_in_current_hgnc
Gene::105376057	105376057	LOC105376057		entrez_not_in_current_hgnc
Gene::105376060	105376060	LOC105376060		entrez_not_in_current_hgnc
Gene::105376066	105376066	LOC105376066		entrez_not_in_current_hgnc
Gene::105376068	105376068	LOC105376068		entrez_not_in_current_hgnc
Gene::105376141	105376141	LOC105376141		entrez_not_in_current_hgnc
Gene::105376149	105376149	LOC105376149		entrez_not_in_current_hgnc
Gene::105376153	105376153	LOC105376153		entrez_not_in_current_hgnc
Gene::105376194	105376194	LOC105376194		entrez_not_in_current_hgnc
Gene::105376204	105376204	LOC105376204		entrez_not_in_current_hgnc
Gene::105376335	105376335	LOC105376335		entrez_not_in_current_hgnc
Gene::105376336	105376336	LOC105376336		entrez_not_in_current_hgnc
Gene::105376337	105376337	LOC105376337		entrez_not_in_current_hgnc
Gene::105376339	105376339	LOC105376339		entrez_not_in_current_hgnc
Gene::105376341	105376341	LOC105376341		entrez_not_in_current_hgnc
Gene::105376353	105376353	LOC105376353		entrez_not_in_current_hgnc
Gene::105376446	105376446	LOC105376446		entrez_not_in_current_hgnc
Gene::105376501	105376501	LOC105376501		entrez_not_in_current_hgnc
Gene::105376502	105376502	LOC105376502		entrez_not_in_current_hgnc
Gene::105376525	105376525	LOC105376525		entrez_not_in_current_hgnc
Gene::105376526	105376526	LOC105376526		entrez_not_in_current_hgnc
Gene::105376531	105376531	LOC105376531		entrez_not_in_current_hgnc
Gene::105376608	105376608	LOC105376608		entrez_not_in_current_hgnc
Gene::105376667	105376667	LOC105376667		entrez_not_in_current_hgnc
Gene::105376678	105376678	LOC105376678		entrez_not_in_current_hgnc
Gene::105376684	105376684	LOC105376684		entrez_not_in_current_hgnc
Gene::105376685	105376685	LOC105376685		entrez_not_in_current_hgnc
Gene::105376719	105376719	LOC105376719		entrez_not_in_current_hgnc
Gene::105376732	105376732	LOC105376732		entrez_not_in_current_hgnc
Gene::105376734	105376734	LOC105376734		entrez_not_in_current_hgnc
Gene::105376746	105376746	LOC105376746		entrez_not_in_current_hgnc
Gene::105376747	105376747	LOC105376747		entrez_not_in_current_hgnc
Gene::105376777	105376777	LOC105376777		entrez_not_in_current_hgnc
Gene::105376779	105376779	LOC105376779		entrez_not_in_current_hgnc
Gene::105376780	105376780	LOC105376780		entrez_not_in_current_hgnc
Gene::105376785	105376785	LOC105376785		entrez_not_in_current_hgnc
Gene::105376791	105376791	LOC105376791		entrez_not_in_current_hgnc
Gene::105376798	105376798	LOC105376798		entrez_not_in_current_hgnc
Gene::105376811	105376811	LOC105376811		entrez_not_in_current_hgnc
Gene::105376824	105376824	LOC105376824		entrez_not_in_current_hgnc
Gene::105376847	105376847	LOC105376847		entrez_not_in_current_hgnc
Gene::105376849	105376849	LOC105376849		entrez_not_in_current_hgnc
Gene::105376851	105376851	LOC105376851		entrez_not_in_current_hgnc
Gene::105376855	105376855	LOC105376855		entrez_not_in_current_hgnc
Gene::105376875	105376875	LOC105376875		entrez_not_in_current_hgnc
Gene::105376887	105376887	LOC105376887		entrez_not_in_current_hgnc
Gene::105376900	105376900	LOC105376900		entrez_not_in_current_hgnc
Gene::105376902	105376902	LOC105376902		entrez_not_in_current_hgnc
Gene::105376905	105376905	LOC105376905		entrez_not_in_current_hgnc
Gene::105376906	105376906	LOC105376906	ERVK-19	no_kirc_feature_for_this_gene
Gene::105376907	105376907	LOC105376907		entrez_not_in_current_hgnc
Gene::105376908	105376908	LOC105376908		entrez_not_in_current_hgnc
Gene::105376909	105376909	LOC105376909		entrez_not_in_current_hgnc
Gene::105376910	105376910	LOC105376910		entrez_not_in_current_hgnc
Gene::105376911	105376911	LOC105376911		entrez_not_in_current_hgnc
Gene::105376917	105376917	LOC105376917		entrez_not_in_current_hgnc
Gene::105377021	105377021	LOC105377021		entrez_not_in_current_hgnc
Gene::105377131	105377131	LOC105377131		entrez_not_in_current_hgnc
Gene::105377132	105377132	LOC105377132		entrez_not_in_current_hgnc
Gene::105377133	105377133	LOC105377133		entrez_not_in_current_hgnc
Gene::105377134	105377134	LOC105377134		entrez_not_in_current_hgnc
Gene::105377135	105377135	LOC105377135		entrez_not_in_current_hgnc
Gene::105377170	105377170	LOC105377170		entrez_not_in_current_hgnc
Gene::105377189	105377189	LOC105377189		entrez_not_in_current_hgnc
Gene::105377197	105377197	LOC105377197		entrez_not_in_current_hgnc
Gene::105377200	105377200	LOC105377200		entrez_not_in_current_hgnc
Gene::105377206	105377206	LOC105377206		entrez_not_in_current_hgnc
Gene::105377207	105377207	LOC105377207		entrez_not_in_current_hgnc
Gene::105377210	105377210	LOC105377210		entrez_not_in_current_hgnc
Gene::105377310	105377310	LOC105377310	TMEM150C-AS1	no_kirc_feature_for_this_gene
Gene::105377368	105377368	LOC105377368		entrez_not_in_current_hgnc
Gene::105377542	105377542	LOC105377542		entrez_not_in_current_hgnc
Gene::105377594	105377594	LOC105377594		entrez_not_in_current_hgnc
Gene::105377622	105377622	LOC105377622		entrez_not_in_current_hgnc
Gene::105377624	105377624	LOC105377624		entrez_not_in_current_hgnc
Gene::105377637	105377637	LOC105377637		entrez_not_in_current_hgnc
Gene::105377638	105377638	LOC105377638		entrez_not_in_current_hgnc
Gene::105377639	105377639	LOC105377639		entrez_not_in_current_hgnc
Gene::105377643	105377643	LOC105377643		entrez_not_in_current_hgnc
Gene::105377650	105377650	LOC105377650		entrez_not_in_current_hgnc
Gene::105377746	105377746	LOC105377746		entrez_not_in_current_hgnc
Gene::105377771	105377771	LOC105377771		entrez_not_in_current_hgnc
Gene::105377772	105377772	LOC105377772		entrez_not_in_current_hgnc
Gene::105377774	105377774	LOC105377774		entrez_not_in_current_hgnc
Gene::105377777	105377777	LOC105377777		entrez_not_in_current_hgnc
Gene::105377789	105377789	LOC105377789		entrez_not_in_current_hgnc
Gene::105377792	105377792	LOC105377792		entrez_not_in_current_hgnc
Gene::105377802	105377802	LOC105377802		entrez_not_in_current_hgnc
Gene::105377805	105377805	LOC105377805		entrez_not_in_current_hgnc
Gene::105377808	105377808	LOC105377808		entrez_not_in_current_hgnc
Gene::105377813	105377813	LOC105377813		entrez_not_in_current_hgnc
Gene::105377819	105377819	LOC105377819		entrez_not_in_current_hgnc
Gene::105377821	105377821	LOC105377821		entrez_not_in_current_hgnc
Gene::105377825	105377825	LOC105377825		entrez_not_in_current_hgnc
Gene::105377866	105377866	LOC105377866		entrez_not_in_current_hgnc
Gene::105377934	105377934	LOC105377934		entrez_not_in_current_hgnc
Gene::105378056	105378056	LOC105378056		entrez_not_in_current_hgnc
Gene::105378081	105378081	LOC105378081		entrez_not_in_current_hgnc
Gene::105378101	105378101	LOC105378101		entrez_not_in_current_hgnc
Gene::105378105	105378105	LOC105378105		entrez_not_in_current_hgnc
Gene::105378107	105378107	LOC105378107		entrez_not_in_current_hgnc
Gene::105378145	105378145	LOC105378145		entrez_not_in_current_hgnc
Gene::105378146	105378146	LOC105378146		entrez_not_in_current_hgnc
Gene::105378148	105378148	LOC105378148		entrez_not_in_current_hgnc
Gene::105378152	105378152	LOC105378152		entrez_not_in_current_hgnc
Gene::105378158	105378158	LOC105378158		entrez_not_in_current_hgnc
Gene::105378159	105378159	LOC105378159		entrez_not_in_current_hgnc
Gene::105378160	105378160	LOC105378160		entrez_not_in_current_hgnc
Gene::105378161	105378161	LOC105378161		entrez_not_in_current_hgnc
Gene::105378162	105378162	LOC105378162		entrez_not_in_current_hgnc
Gene::105378167	105378167	LOC105378167		entrez_not_in_current_hgnc
Gene::105378168	105378168	LOC105378168		entrez_not_in_current_hgnc
Gene::105378176	105378176	LOC105378176		entrez_not_in_current_hgnc
Gene::105378189	105378189	LOC105378189		entrez_not_in_current_hgnc
Gene::105378190	105378190	LOC105378190		entrez_not_in_current_hgnc
Gene::105378191	105378191	LOC105378191		entrez_not_in_current_hgnc
Gene::105378192	105378192	LOC105378192		entrez_not_in_current_hgnc
Gene::105378193	105378193	LOC105378193		entrez_not_in_current_hgnc
Gene::105378241	105378241	LOC105378241		entrez_not_in_current_hgnc
Gene::105378242	105378242	LOC105378242		entrez_not_in_current_hgnc
Gene::105378249	105378249	LOC105378249		entrez_not_in_current_hgnc
Gene::105378254	105378254	LOC105378254		entrez_not_in_current_hgnc
Gene::105378260	105378260	LOC105378260		entrez_not_in_current_hgnc
Gene::105378266	105378266	LOC105378266		entrez_not_in_current_hgnc
Gene::105378276	105378276	LOC105378276		entrez_not_in_current_hgnc
Gene::105378283	105378283	LOC105378283		entrez_not_in_current_hgnc
Gene::105378423	105378423	LOC105378423		entrez_not_in_current_hgnc
Gene::105378479	105378479	LOC105378479		entrez_not_in_current_hgnc
Gene::105378510	105378510	LOC105378510		entrez_not_in_current_hgnc
Gene::105378559	105378559	LOC105378559		entrez_not_in_current_hgnc
Gene::105378564	105378564	LOC105378564		entrez_not_in_current_hgnc
Gene::105378577	105378577	LOC105378577		entrez_not_in_current_hgnc
Gene::105378578	105378578	LOC105378578		entrez_not_in_current_hgnc
Gene::105378579	105378579	LOC105378579		entrez_not_in_current_hgnc
Gene::105378592	105378592	LOC105378592		entrez_not_in_current_hgnc
Gene::105378594	105378594	LOC105378594		entrez_not_in_current_hgnc
Gene::105378684	105378684	LOC105378684		entrez_not_in_current_hgnc
Gene::105378722	105378722	LOC105378722		entrez_not_in_current_hgnc
Gene::105378775	105378775	LOC105378775		entrez_not_in_current_hgnc
Gene::105378804	105378804	LOC105378804		entrez_not_in_current_hgnc
Gene::105378832	105378832	LOC105378832		entrez_not_in_current_hgnc
Gene::105378846	105378846	LOC105378846		entrez_not_in_current_hgnc
Gene::105378862	105378862	LOC105378862		entrez_not_in_current_hgnc
Gene::105378900	105378900	LOC105378900		entrez_not_in_current_hgnc
Gene::105378947	105378947	LOC105378947		entrez_not_in_current_hgnc
Gene::105378948	105378948	LOC105378948		entrez_not_in_current_hgnc
Gene::105378950	105378950	LOC105378950		entrez_not_in_current_hgnc
Gene::105378951	105378951	LOC105378951		entrez_not_in_current_hgnc
Gene::105378954	105378954	LOC105378954		entrez_not_in_current_hgnc
Gene::105378955	105378955	LOC105378955		entrez_not_in_current_hgnc
Gene::105378957	105378957	LOC105378957		entrez_not_in_current_hgnc
Gene::105378958	105378958	LOC105378958		entrez_not_in_current_hgnc
Gene::105378979	105378979	LOC105378979		entrez_not_in_current_hgnc
Gene::105378994	105378994	LOC105378994	ZSWIM6-DT	no_kirc_feature_for_this_gene
Gene::105379029	105379029	LOC105379029		entrez_not_in_current_hgnc
Gene::105379045	105379045	LOC105379045		entrez_not_in_current_hgnc
Gene::105379046	105379046	LOC105379046		entrez_not_in_current_hgnc
Gene::105379072	105379072	LOC105379072		entrez_not_in_current_hgnc
Gene::105379177	105379177	LOC105379177		entrez_not_in_current_hgnc
Gene::105379198	105379198	LOC105379198		entrez_not_in_current_hgnc
Gene::105379200	105379200	LOC105379200		entrez_not_in_current_hgnc
Gene::105379211	105379211	LOC105379211		entrez_not_in_current_hgnc
Gene::105379238	105379238	LOC105379238		entrez_not_in_current_hgnc
Gene::105379247	105379247	LOC105379247		entrez_not_in_current_hgnc
Gene::105379260	105379260	LOC105379260		entrez_not_in_current_hgnc
Gene::105379261	105379261	LOC105379261		entrez_not_in_current_hgnc
Gene::105379272	105379272	LOC105379272		entrez_not_in_current_hgnc
Gene::105379282	105379282	LOC105379282		entrez_not_in_current_hgnc
Gene::105379285	105379285	LOC105379285		entrez_not_in_current_hgnc
Gene::105379287	105379287	LOC105379287		entrez_not_in_current_hgnc
Gene::105379290	105379290	LOC105379290		entrez_not_in_current_hgnc
Gene::105379356	105379356	LOC105379356		entrez_not_in_current_hgnc
Gene::105379398	105379398	LOC105379398		entrez_not_in_current_hgnc
Gene::105379399	105379399	LOC105379399		entrez_not_in_current_hgnc
Gene::105379408	105379408	LOC105379408		entrez_not_in_current_hgnc
Gene::105379411	105379411	LOC105379411		entrez_not_in_current_hgnc
Gene::105379416	105379416	LOC105379416		entrez_not_in_current_hgnc
Gene::105379422	105379422	LOC105379422		entrez_not_in_current_hgnc
Gene::105379423	105379423	LOC105379423		entrez_not_in_current_hgnc
Gene::105379425	105379425	LOC105379425		entrez_not_in_current_hgnc
Gene::105379433	105379433	LOC105379433		entrez_not_in_current_hgnc
Gene::105379443	105379443	LOC105379443		entrez_not_in_current_hgnc
Gene::105379461	105379461	LOC105379461		entrez_not_in_current_hgnc
Gene::105379472	105379472	LOC105379472		entrez_not_in_current_hgnc
Gene::105379473	105379473	LOC105379473		entrez_not_in_current_hgnc
Gene::105379474	105379474	LOC105379474		entrez_not_in_current_hgnc
Gene::105379522	105379522	LOC105379522		entrez_not_in_current_hgnc
Gene::105379532	105379532	LOC105379532		entrez_not_in_current_hgnc
Gene::105379534	105379534	LOC105379534		entrez_not_in_current_hgnc
Gene::105379538	105379538	LOC105379538		entrez_not_in_current_hgnc
Gene::105379539	105379539	LOC105379539		entrez_not_in_current_hgnc
Gene::105379542	105379542	LOC105379542		entrez_not_in_current_hgnc
Gene::105379545	105379545	LOC105379545		entrez_not_in_current_hgnc
Gene::105379547	105379547	LOC105379547		entrez_not_in_current_hgnc
Gene::105379550	105379550	LOC105379550		entrez_not_in_current_hgnc
Gene::105379554	105379554	LOC105379554		entrez_not_in_current_hgnc
Gene::105379557	105379557	LOC105379557		entrez_not_in_current_hgnc
Gene::105379561	105379561	LOC105379561		entrez_not_in_current_hgnc
Gene::105379569	105379569	LOC105379569		entrez_not_in_current_hgnc
Gene::105379570	105379570	LOC105379570		entrez_not_in_current_hgnc
Gene::105379572	105379572	LOC105379572		entrez_not_in_current_hgnc
Gene::105379575	105379575	LOC105379575		entrez_not_in_current_hgnc
Gene::105379587	105379587	LOC105379587		entrez_not_in_current_hgnc
Gene::105379595	105379595	LOC105379595		entrez_not_in_current_hgnc
Gene::105379598	105379598	LOC105379598		entrez_not_in_current_hgnc
Gene::105379606	105379606	LOC105379606		entrez_not_in_current_hgnc
Gene::105379617	105379617	LOC105379617		entrez_not_in_current_hgnc
Gene::105379629	105379629	LOC105379629		entrez_not_in_current_hgnc
Gene::105379630	105379630	LOC105379630		entrez_not_in_current_hgnc
Gene::105379641	105379641	LOC105379641		entrez_not_in_current_hgnc
Gene::105379645	105379645	LOC105379645		entrez_not_in_current_hgnc
Gene::105379648	105379648	LOC105379648		entrez_not_in_current_hgnc
Gene::105379650	105379650	LOC105379650		entrez_not_in_current_hgnc
Gene::105379652	105379652	LOC105379652		entrez_not_in_current_hgnc
Gene::105379654	105379654	LOC105379654		entrez_not_in_current_hgnc
Gene::105379658	105379658	LOC105379658		entrez_not_in_current_hgnc
Gene::105379660	105379660	LOC105379660		entrez_not_in_current_hgnc
Gene::105379662	105379662	LOC105379662		entrez_not_in_current_hgnc
Gene::105379665	105379665	LOC105379665		entrez_not_in_current_hgnc
Gene::105379667	105379667	LOC105379667		entrez_not_in_current_hgnc
Gene::105379672	105379672	LOC105379672		entrez_not_in_current_hgnc
Gene::105379681	105379681	LOC105379681		entrez_not_in_current_hgnc
Gene::105379689	105379689	LOC105379689		entrez_not_in_current_hgnc
Gene::105379699	105379699	LOC105379699		entrez_not_in_current_hgnc
Gene::105379702	105379702	LOC105379702		entrez_not_in_current_hgnc
Gene::105379704	105379704	LOC105379704		entrez_not_in_current_hgnc
Gene::105379707	105379707	LOC105379707		entrez_not_in_current_hgnc
Gene::105379716	105379716	LOC105379716		entrez_not_in_current_hgnc
Gene::105379727	105379727	LOC105379727		entrez_not_in_current_hgnc
Gene::105379728	105379728	LOC105379728		entrez_not_in_current_hgnc
Gene::105379734	105379734	LOC105379734		entrez_not_in_current_hgnc
Gene::105379735	105379735	LOC105379735		entrez_not_in_current_hgnc
Gene::105379739	105379739	LOC105379739		entrez_not_in_current_hgnc
Gene::105379752	105379752	LOC105379752		entrez_not_in_current_hgnc
Gene::105379760	105379760	LOC105379760		entrez_not_in_current_hgnc
Gene::105379762	105379762	LOC105379762		entrez_not_in_current_hgnc
Gene::105379770	105379770	LOC105379770		entrez_not_in_current_hgnc
Gene::105379779	105379779	LOC105379779		entrez_not_in_current_hgnc
Gene::105379785	105379785	LOC105379785		entrez_not_in_current_hgnc
Gene::105379786	105379786	LOC105379786		entrez_not_in_current_hgnc
Gene::105379798	105379798	LOC105379798		entrez_not_in_current_hgnc
Gene::105379799	105379799	LOC105379799		entrez_not_in_current_hgnc
Gene::105379800	105379800	LOC105379800		entrez_not_in_current_hgnc
Gene::105379829	105379829	LOC105379829		entrez_not_in_current_hgnc
Gene::105379836	105379836	LOC105379836		entrez_not_in_current_hgnc
Gene::105379840	105379840	LOC105379840		entrez_not_in_current_hgnc
Gene::105379842	105379842	LOC105379842		entrez_not_in_current_hgnc
Gene::105379857	105379857	LOC105379857		entrez_not_in_current_hgnc
Gene::105379861	105379861	LOC105379861		entrez_not_in_current_hgnc
Gene::105379865	105379865	LOC105379865		entrez_not_in_current_hgnc
Gene::105379874	105379874	LOC105379874		entrez_not_in_current_hgnc
Gene::105379878	105379878	LOC105379878		entrez_not_in_current_hgnc
Gene::105379886	105379886	LOC105379886		entrez_not_in_current_hgnc
Gene::10638	10638	SPHAR		entrez_not_in_current_hgnc
Gene::10688	10688	CRSP5	CRSP5	no_kirc_feature_for_this_gene
Gene::10896	10896	OCLM		entrez_not_in_current_hgnc
Gene::11026	11026	LILRA3	LILRA3	no_kirc_feature_for_this_gene
Gene::11217	11217	AKAP2		entrez_not_in_current_hgnc
Gene::114299	114299	PALM2		entrez_not_in_current_hgnc
Gene::117153	117153	MIA2		merged_into_linked_node:Gene::4253
Gene::125168	125168	RIBIN		entrez_not_in_current_hgnc
Gene::132250	132250	DAP4C		entrez_not_in_current_hgnc
Gene::143286	143286	LOC143286		entrez_not_in_current_hgnc
Gene::149401	149401	LOC149401		entrez_not_in_current_hgnc
Gene::150378	150378	FLJ30901		entrez_not_in_current_hgnc
Gene::152286	152286	LOC152286		entrez_not_in_current_hgnc
Gene::152956	152956	FLJ12425		entrez_not_in_current_hgnc
Gene::153682	153682	LOC153682		entrez_not_in_current_hgnc
Gene::157503	157503	LOC157503		entrez_not_in_current_hgnc
Gene::157562	157562	LOC157562		entrez_not_in_current_hgnc
Gene::157860	157860	LOC157860		entrez_not_in_current_hgnc
Gene::157931	157931	LOC157931		entrez_not_in_current_hgnc
Gene::158434	158434	LOC158434		entrez_not_in_current_hgnc
Gene::158863	158863	LOC158863		entrez_not_in_current_hgnc
Gene::197387	197387	LOC197387		entrez_not_in_current_hgnc
Gene::200609	200609	LOC200609		entrez_not_in_current_hgnc
Gene::200830	200830	LOC200830		entrez_not_in_current_hgnc
Gene::200860	200860	DKFZp547K1610		entrez_not_in_current_hgnc
Gene::2090	2090	ESA4	ESA4	no_kirc_feature_for_this_gene
Gene::2097	2097	ESB3	ESB3	no_kirc_feature_for_this_gene
Gene::219688	219688	LOC219688		entrez_not_in_current_hgnc
Gene::221814	221814	LOC221814		entrez_not_in_current_hgnc
Gene::222344	222344	LOC222344		entrez_not_in_current_hgnc
Gene::22817	22817	NR1I4	NR1I4	no_kirc_feature_for_this_gene
Gene::23285	23285	KIAA1107		entrez_not_in_current_hgnc
Gene::23444	23444	CDW12		entrez_not_in_current_hgnc
Gene::23447	23447	CDW93		entrez_not_in_current_hgnc
Gene::23448	23448	CD139		entrez_not_in_current_hgnc
Gene::23449	23449	CD165		entrez_not_in_current_hgnc
Gene::23685	23685	PQBP4		entrez_not_in_current_hgnc
Gene::246318	246318	FLJ13773		entrez_not_in_current_hgnc
Gene::246724	246724	LOC246724		entrez_not_in_current_hgnc
Gene::246725	246725	LOC246725		entrez_not_in_current_hgnc
Gene::252862	252862	LOC252862		entrez_not_in_current_hgnc
Gene::2541	2541	G6PR	G6PR	no_kirc_feature_for_this_gene
Gene::255042	255042	MGC16723		entrez_not_in_current_hgnc
Gene::256824	256824	LOC256824		entrez_not_in_current_hgnc
Gene::257152	257152	LOC257152		entrez_not_in_current_hgnc
Gene::2574	2574	GAGE2C	GAGE2C	no_kirc_feature_for_this_gene
Gene::2575	2575	GAGE3		entrez_not_in_current_hgnc
Gene::2576	2576	GAGE4	GAGE4	no_kirc_feature_for_this_gene
Gene::2577	2577	GAGE5	GAGE5	no_kirc_feature_for_this_gene
Gene::2578	2578	GAGE6	GAGE6	no_kirc_feature_for_this_gene
Gene::2579	2579	GAGE7	GAGE7	no_kirc_feature_for_this_gene
Gene::259291	259291	TAS2R45	TAS2R45	no_kirc_feature_for_this_gene
Gene::260404	260404	LOC260404		entrez_not_in_current_hgnc
Gene::26069	26069	DKFZP586B0319		entrez_not_in_current_hgnc
Gene::26101	26101	DKFZP564M1462		entrez_not_in_current_hgnc
Gene::26105	26105	DKFZP434C153		entrez_not_in_current_hgnc
Gene::26106	26106	DKFZP586K1520		entrez_not_in_current_hgnc
Gene::26107	26107	DKFZP547J0410		entrez_not_in_current_hgnc
Gene::26120	26120	DKFZP564C152		entrez_not_in_current_hgnc
Gene::26148	26148	C10orf12		entrez_not_in_current_hgnc
Gene::26581	26581	DUX5	DUX5	no_kirc_feature_for_this_gene
Gene::26582	26582	DUX3	DUX3	no_kirc_feature_for_this_gene
Gene::26584	26584	DUX1	DUX1	no_kirc_feature_for_this_gene
Gene::266665	266665	TAS2R33	TAS2R33	no_kirc_feature_for_this_gene
Gene::266666	266666	TAS2R36	TAS2R36	no_kirc_feature_for_this_gene
Gene::266667	266667	TAS2R37	TAS2R37P	no_kirc_feature_for_this_gene
Gene::266811	266811	NPSA		entrez_not_in_current_hgnc
Gene::266918	266918	D21S2090E		entrez_not_in_current_hgnc
Gene::267004	267004	PGBD3	PGBD3	no_kirc_feature_for_this_gene
Gene::26748	26748	GAGE12I	GAGE12I	no_kirc_feature_for_this_gene
Gene::2763	2763	GMFA		entrez_not_in_current_hgnc
Gene::283075	283075	LOC283075		entrez_not_in_current_hgnc
Gene::283080	283080	C10orf126	C10orf126	no_kirc_feature_for_this_gene
Gene::283112	283112	LOC283112		entrez_not_in_current_hgnc
Gene::283270	283270	LOC283270		entrez_not_in_current_hgnc
Gene::283278	283278	LOC283278		entrez_not_in_current_hgnc
Gene::283357	283357	LOC283357		entrez_not_in_current_hgnc
Gene::283372	283372	FLJ25613		entrez_not_in_current_hgnc
Gene::283454	283454	LOC283454		entrez_not_in_current_hgnc
Gene::283475	283475	LOC283475		entrez_not_in_current_hgnc
Gene::283484	283484	LOC283484		entrez_not_in_current_hgnc
Gene::283485	283485	LOC283485		entrez_not_in_current_hgnc
Gene::283516	283516	LOC283516		entrez_not_in_current_hgnc
Gene::283674	283674	LOC283674		entrez_not_in_current_hgnc
Gene::283713	283713	LOC283713		entrez_not_in_current_hgnc
Gene::283728	283728	LOC283728		entrez_not_in_current_hgnc
Gene::283737	283737	LOC283737		entrez_not_in_current_hgnc
Gene::283745	283745	LOC283745		entrez_not_in_current_hgnc
Gene::283911	283911	LOC283911		entrez_not_in_current_hgnc
Gene::284048	284048	LOC284048		entrez_not_in_current_hgnc
Gene::284083	284083	C17orf47		entrez_not_in_current_hgnc
Gene::284108	284108	LOC284108		entrez_not_in_current_hgnc
Gene::284112	284112	LOC284112		entrez_not_in_current_hgnc
Gene::284336	284336	LOC284336		entrez_not_in_current_hgnc
Gene::284513	284513	LOC284513		entrez_not_in_current_hgnc
Gene::284570	284570	LOC284570		entrez_not_in_current_hgnc
Gene::284630	284630	LOC284630		entrez_not_in_current_hgnc
Gene::284669	284669	LOC284669		entrez_not_in_current_hgnc
Gene::284756	284756	C20orf197		entrez_not_in_current_hgnc
Gene::284967	284967	bA395L14.13		entrez_not_in_current_hgnc
Gene::285173	285173	LOC285173		entrez_not_in_current_hgnc
Gene::285178	285178	LOC285178		entrez_not_in_current_hgnc
Gene::285181	285181	LOC285181		entrez_not_in_current_hgnc
Gene::285299	285299	LOC285299		entrez_not_in_current_hgnc
Gene::285378	285378	LOC285378		entrez_not_in_current_hgnc
Gene::285464	285464	CRIPAK		entrez_not_in_current_hgnc
Gene::285628	285628	LOC285628		entrez_not_in_current_hgnc
Gene::285690	285690	LOC285690		entrez_not_in_current_hgnc
Gene::285736	285736	FLJ35700		entrez_not_in_current_hgnc
Gene::285812	285812	LOC285812		entrez_not_in_current_hgnc
Gene::285835	285835	LOC285835		entrez_not_in_current_hgnc
Gene::285957	285957	LOC285957		entrez_not_in_current_hgnc
Gene::2860	2860	GPR36	GPR36	no_kirc_feature_for_this_gene
Gene::286052	286052	LOC286052		entrez_not_in_current_hgnc
Gene::286058	286058	LOC286058		entrez_not_in_current_hgnc
Gene::286063	286063	LOC286063		entrez_not_in_current_hgnc
Gene::286068	286068	LOC286068		entrez_not_in_current_hgnc
Gene::286071	286071	LOC286071		entrez_not_in_current_hgnc
Gene::286087	286087	LOC286087		entrez_not_in_current_hgnc
Gene::286109	286109	CASC7		entrez_not_in_current_hgnc
Gene::286121	286121	LOC286121		entrez_not_in_current_hgnc
Gene::286191	286191	LOC286191		entrez_not_in_current_hgnc
Gene::286223	286223	C9orf47		entrez_not_in_current_hgnc
Gene::286254	286254	LOC286254		entrez_not_in_current_hgnc
Gene::286272	286272	LOC286272		entrez_not_in_current_hgnc
Gene::286382	286382	LOC286382		entrez_not_in_current_hgnc
Gene::2952	2952	GSTT1	GSTT1	no_kirc_feature_for_this_gene
Gene::2988	2988	GUK2	GUK2	no_kirc_feature_for_this_gene
Gene::3125	3125	HLA-DRB3	HLA-DRB3	no_kirc_feature_for_this_gene
Gene::3126	3126	HLA-DRB4	HLA-DRB4	no_kirc_feature_for_this_gene
Gene::317647	317647	FLJ11857		entrez_not_in_current_hgnc
Gene::338620	338620	LOC338620		entrez_not_in_current_hgnc
Gene::338809	338809	C12orf74		entrez_not_in_current_hgnc
Gene::340085	340085	LOC340085		entrez_not_in_current_hgnc
Gene::340178	340178	LOC340178		entrez_not_in_current_hgnc
Gene::340335	340335	LOC340335		entrez_not_in_current_hgnc
Gene::347715	347715	LOC347715		entrez_not_in_current_hgnc
Gene::348040	348040	LOC348040		entrez_not_in_current_hgnc
Gene::348162	348162	LOC348162		entrez_not_in_current_hgnc
Gene::348738	348738	C2orf48		entrez_not_in_current_hgnc
Gene::3492	3492	IGH	IGH	no_kirc_feature_for_this_gene
Gene::353138	353138	LEP7		entrez_not_in_current_hgnc
Gene::3535	3535	IGL	IGL	no_kirc_feature_for_this_gene
Gene::3803	3803	KIR2DL2	KIR2DL2	no_kirc_feature_for_this_gene
Gene::3806	3806	KIR2DS1	KIR2DS1	no_kirc_feature_for_this_gene
Gene::3808	3808	KIR2DS3	KIR2DS3	no_kirc_feature_for_this_gene
Gene::3810	3810	KIR2DS5	KIR2DS5	no_kirc_feature_for_this_gene
Gene::3813	3813	KIR3DS1	KIR3DS1	no_kirc_feature_for_this_gene
Gene::387638	387638	C10orf113		entrez_not_in_current_hgnc
Gene::388199	388199	PRR25	PRR25	no_kirc_feature_for_this_gene
Gene::388282	388282	LOC388282		entrez_not_in_current_hgnc
Gene::388289	388289	C16orf47		entrez_not_in_current_hgnc
Gene::388372	388372	CCL4L1	CCL4L1	no_kirc_feature_for_this_gene
Gene::388436	388436	LOC388436		entrez_not_in_current_hgnc
Gene::388439	388439	FLJ12120		entrez_not_in_current_hgnc
Gene::388813	388813	LOC388813		entrez_not_in_current_hgnc
Gene::389036	389036	ACT		entrez_not_in_current_hgnc
Gene::389199	389199	LOC389199		entrez_not_in_current_hgnc
Gene::389405	389405	LOC389405		entrez_not_in_current_hgnc
Gene::389422	389422	C6orf183		entrez_not_in_current_hgnc
Gene::389602	389602	LOC389602		entrez_not_in_current_hgnc
Gene::389831	389831	LOC389831		entrez_not_in_current_hgnc
Gene::389908	389908	LOC389908		entrez_not_in_current_hgnc
Gene::390760	390760	LOC390760		entrez_not_in_current_hgnc
Gene::390877	390877	LOC390877		entrez_not_in_current_hgnc
Gene::391230	391230	LOC391230		entrez_not_in_current_hgnc
Gene::391322	391322	LOC391322		entrez_not_in_current_hgnc
Gene::392490	392490	FLJ44635		entrez_not_in_current_hgnc
Gene::399832	399832	DKFZp686M1136		entrez_not_in_current_hgnc
Gene::399884	399884	LOC399884		entrez_not_in_current_hgnc
Gene::400682	400682	LOC400682		entrez_not_in_current_hgnc
Gene::400930	400930	DKFZp547B139		entrez_not_in_current_hgnc
Gene::401052	401052	LOC401052		entrez_not_in_current_hgnc
Gene::401388	401388	C7orf76		entrez_not_in_current_hgnc
Gene::401400	401400	LOC401400		entrez_not_in_current_hgnc
Gene::4019	4019	LPAL1	LPAL1	no_kirc_feature_for_this_gene
Gene::402036	402036	LOC402036		entrez_not_in_current_hgnc
Gene::402269	402269	LOC402269		entrez_not_in_current_hgnc
Gene::403312	403312	LOC403312		entrez_not_in_current_hgnc
Gene::4127	4127	MANBB		entrez_not_in_current_hgnc
Gene::414312	414312	C9orf118		entrez_not_in_current_hgnc
Gene::4228	4228	MER5		entrez_not_in_current_hgnc
Gene::440047	440047	LOC440047		entrez_not_in_current_hgnc
Gene::440330	440330	LOC440330		entrez_not_in_current_hgnc
Gene::440414	440414	TRE17		entrez_not_in_current_hgnc
Gene::440918	440918	FLJ46875		entrez_not_in_current_hgnc
Gene::440981	440981	LOC440981		entrez_not_in_current_hgnc
Gene::441098	441098	LOC441098		entrez_not_in_current_hgnc
Gene::441239	441239	LOC441239		entrez_not_in_current_hgnc
Gene::441347	441347	LOC441347		entrez_not_in_current_hgnc
Gene::441520	441520	CT45A4		entrez_not_in_current_hgnc
Gene::4431	4431	MSBP1	MSBP1	no_kirc_feature_for_this_gene
Gene::4432	4432	MSBP2	MSBP2	no_kirc_feature_for_this_gene
Gene::4447	4447	MSK9		entrez_not_in_current_hgnc
Gene::4448	4448	MSK10		entrez_not_in_current_hgnc
Gene::445347	445347	TARP		entrez_not_in_current_hgnc
Gene::4467	4467	MSK32		entrez_not_in_current_hgnc
Gene::4473	4473	MSK38		entrez_not_in_current_hgnc
Gene::449519	449519	LOC449519		entrez_not_in_current_hgnc
Gene::449523	449523	JST		entrez_not_in_current_hgnc
Gene::4612	4612	MYCLK1		entrez_not_in_current_hgnc
Gene::4639	4639	MYLL1		entrez_not_in_current_hgnc
Gene::4655	4655	MYSA		entrez_not_in_current_hgnc
Gene::4877	4877	NT3		entrez_not_in_current_hgnc
Gene::504189	504189	OR8U8	OR8U8	no_kirc_feature_for_this_gene
Gene::504190	504190	OR8U9	OR8U9	no_kirc_feature_for_this_gene
Gene::504191	504191	OR9G9	OR9G9	no_kirc_feature_for_this_gene
Gene::50802	50802	IGK	IGK	no_kirc_feature_for_this_gene
Gene::5084	5084	PBG1		entrez_not_in_current_hgnc
Gene::5182	5182	PEPB	PEPB	no_kirc_feature_for_this_gene
Gene::5183	5183	PEPC	PEPC	no_kirc_feature_for_this_gene
Gene::5185	5185	PEPE	PEPE	no_kirc_feature_for_this_gene
Gene::55025	55025	FLJ20712		entrez_not_in_current_hgnc
Gene::553128	553128	KIR2DL5B	KIR2DL5B	no_kirc_feature_for_this_gene
Gene::55390	55390	PRO2268		entrez_not_in_current_hgnc
Gene::554223	554223	LOC554223		entrez_not_in_current_hgnc
Gene::55547	55547	HAB1		entrez_not_in_current_hgnc
Gene::5643	5643	PRSM2		entrez_not_in_current_hgnc
Gene::5661	5661	PSBP1		entrez_not_in_current_hgnc
Gene::57046	57046	HRES2		entrez_not_in_current_hgnc
Gene::57292	57292	KIR2DL5A	KIR2DL5A	no_kirc_feature_for_this_gene
Gene::574	574	BAGE	BAGE	no_kirc_feature_for_this_gene
Gene::574037	574037	C1orf134		entrez_not_in_current_hgnc
Gene::57796	57796	DKFZP761C1711		entrez_not_in_current_hgnc
Gene::57876	57876	MUC3B	MUC3B	no_kirc_feature_for_this_gene
Gene::5804	5804	PTPRZ2	PTPRZ2	no_kirc_feature_for_this_gene
Gene::5942	5942	RBMY1C	RBMY1C	no_kirc_feature_for_this_gene
Gene::6200	6200	RPS6KB3		entrez_not_in_current_hgnc
Gene::6264	6264	S7		entrez_not_in_current_hgnc
Gene::6267	6267	S11		entrez_not_in_current_hgnc
Gene::6268	6268	S12		entrez_not_in_current_hgnc
Gene::6349	6349	CCL3L1	CCL3L1	no_kirc_feature_for_this_gene
Gene::6395	6395	SEA		entrez_not_in_current_hgnc
Gene::641314	641314	LINC00594		entrez_not_in_current_hgnc
Gene::641589	641589	LOC641589		entrez_not_in_current_hgnc
Gene::642249	642249	LOC642249		entrez_not_in_current_hgnc
Gene::642326	642326	CCNYL3		merged_into_linked_node:Gene::102724928
Gene::642441	642441	LOC642441		entrez_not_in_current_hgnc
Gene::642620	642620	LOC642620		entrez_not_in_current_hgnc
Gene::642730	642730	LOC642730		entrez_not_in_current_hgnc
Gene::643314	643314	KIAA0754		entrez_not_in_current_hgnc
Gene::643520	643520	LOC643520		entrez_not_in_current_hgnc
Gene::643905	643905	PRR21	PRR21	no_kirc_feature_for_this_gene
Gene::643936	643936	LOC643936		entrez_not_in_current_hgnc
Gene::644058	644058	LOC644058		entrez_not_in_current_hgnc
Gene::644215	644215	LOC644215		entrez_not_in_current_hgnc
Gene::644249	644249	LOC644249		entrez_not_in_current_hgnc
Gene::644257	644257	LOC644257		entrez_not_in_current_hgnc
Gene::644277	644277	LOC644277		entrez_not_in_current_hgnc
Gene::644504	644504	LOC644504		entrez_not_in_current_hgnc
Gene::645037	645037	GAGE2B	GAGE2B	no_kirc_feature_for_this_gene
Gene::645100	645100	LOC645100		entrez_not_in_current_hgnc
Gene::645177	645177	LOC645177		entrez_not_in_current_hgnc
Gene::645262	645262	LOC645262		entrez_not_in_current_hgnc
Gene::645263	645263	LOC645263		entrez_not_in_current_hgnc
Gene::645840	645840	TXNRD3NB		entrez_not_in_current_hgnc
Gene::645984	645984	LOC645984		entrez_not_in_current_hgnc
Gene::646014	646014	LOC646014		entrez_not_in_current_hgnc
Gene::646670	646670	LOC646670		entrez_not_in_current_hgnc
Gene::646767	646767	LOC646767		entrez_not_in_current_hgnc
Gene::646836	646836	LOC646836		entrez_not_in_current_hgnc
Gene::646865	646865	LOC646865		entrez_not_in_current_hgnc
Gene::647020	647020	LOC647020		entrez_not_in_current_hgnc
Gene::648044	648044	LOC648044		entrez_not_in_current_hgnc
Gene::649201	649201	LOC649201		entrez_not_in_current_hgnc
Gene::649783	649783	LOC649783		entrez_not_in_current_hgnc
Gene::649935	649935	LOC649935		entrez_not_in_current_hgnc
Gene::651959	651959	LOC651959		entrez_not_in_current_hgnc
Gene::652764	652764	HPX-2		entrez_not_in_current_hgnc
Gene::653380	653380	LOC653380		entrez_not_in_current_hgnc
Gene::653541	653541	LOC653541		entrez_not_in_current_hgnc
Gene::653602	653602	LOC653602		entrez_not_in_current_hgnc
Gene::653606	653606	PRAMEF22	PRAMEF22	no_kirc_feature_for_this_gene
Gene::654348	654348	PRAMEF16		entrez_not_in_current_hgnc
Gene::654377	654377	CHES1L1		entrez_not_in_current_hgnc
Gene::6914	6914	TBXA1R		entrez_not_in_current_hgnc
Gene::6955	6955	TRA	TRA	no_kirc_feature_for_this_gene
Gene::6957	6957	TRB	TRB	no_kirc_feature_for_this_gene
Gene::6964	6964	TRD	TRD	no_kirc_feature_for_this_gene
Gene::6965	6965	TRG	TRG	no_kirc_feature_for_this_gene
Gene::7254	7254	TSHRL1		entrez_not_in_current_hgnc
Gene::7255	7255	TSHRL2		entrez_not_in_current_hgnc
Gene::7256	7256	TSHRL3		entrez_not_in_current_hgnc
Gene::727961	727961	LOC727961		entrez_not_in_current_hgnc
Gene::728013	728013	CBWD7		entrez_not_in_current_hgnc
Gene::728100	728100	LOC728100		entrez_not_in_current_hgnc
Gene::728375	728375	LOC728375		entrez_not_in_current_hgnc
Gene::728715	728715	LOC728715	OVOS1BP	no_kirc_feature_for_this_gene
Gene::728955	728955	FAM25D		entrez_not_in_current_hgnc
Gene::729220	729220	FLJ45513		entrez_not_in_current_hgnc
Gene::729254	729254	LOC729254		entrez_not_in_current_hgnc
Gene::729268	729268	LOC729268		entrez_not_in_current_hgnc
Gene::729353	729353	LOC729353		entrez_not_in_current_hgnc
Gene::729408	729408	GAGE2D	GAGE2D	no_kirc_feature_for_this_gene
Gene::729545	729545	LOC729545		entrez_not_in_current_hgnc
Gene::729574	729574	FAM231A		entrez_not_in_current_hgnc
Gene::729587	729587	FAM231C		entrez_not_in_current_hgnc
Gene::729696	729696	LOC729696		entrez_not_in_current_hgnc
Gene::729722	729722	LOC729722		entrez_not_in_current_hgnc
Gene::729800	729800	LOC729800		entrez_not_in_current_hgnc
Gene::730394	730394	GTF2H2C_2	GTF2H2C_2	no_kirc_feature_for_this_gene
Gene::731467	731467	LOC731467		entrez_not_in_current_hgnc
Gene::731631	731631	LOC731631		entrez_not_in_current_hgnc
Gene::731996	731996	LOC731996		entrez_not_in_current_hgnc
Gene::7521	7521	XRCC8		entrez_not_in_current_hgnc
Gene::7524	7524	XWNPEP		entrez_not_in_current_hgnc
Gene::7624	7624	ZNF73		entrez_not_in_current_hgnc
Gene::767558	767558	LUZP6	LUZP6	no_kirc_feature_for_this_gene
Gene::780789	780789	C1orf196		entrez_not_in_current_hgnc
Gene::790969	790969	ZNF705F		entrez_not_in_current_hgnc
Gene::7956	7956	NTT		entrez_not_in_current_hgnc
Gene::79999	79999	LOC79999	GRAPL-AS1	no_kirc_feature_for_this_gene
Gene::80761	80761	UPK3B		merged_into_linked_node:Gene::105375355
Gene::83935	83935	TMEM133		entrez_not_in_current_hgnc
Gene::84953	84953	MICALCL		entrez_not_in_current_hgnc
Gene::85316	85316	BAGE5	BAGE5	no_kirc_feature_for_this_gene
Gene::85317	85317	BAGE4	BAGE4	no_kirc_feature_for_this_gene
Gene::85318	85318	BAGE3	BAGE3	no_kirc_feature_for_this_gene
Gene::9142	9142	TMEM257		entrez_not_in_current_hgnc
Gene::9220	9220	TIAF1		entrez_not_in_current_hgnc
Gene::93980	93980	DYRK1AIP1		entrez_not_in_current_hgnc
Gene::93981	93981	DYRK1AIP2		entrez_not_in_current_hgnc
